650,68.815612
650.5,68.919372
651,69.342041
651.5,69.213867
652,69.104003
652.5,69.47174
653,69.496154
653.5,69.496154
654,69.891357
654.5,69.873046
655,69.760131
655.5,70.097351
656,70.094299
656.5,69.961547
657,70.289611
657.5,70.355224
658,70.230102
658.5,70.53833
659,70.680236
659.5,70.573425
660,70.831298
660.5,70.979309
661,70.845031
661.5,71.128845
662,71.295166
662.5,71.125793
663,71.31195
663.5,71.586608
664,71.59729
664.5,71.626281
665,71.792602
665.5,71.86737
666,71.824645
666.5,71.528625
667,70.610046
667.5,67.243957
668,62.237548
668.5,66.204833
669,68.960571
669.5,70.591735
670,71.606445
670.5,72.036743
671,71.940612
671.5,72.099304
672,72.404479
672.5,72.203063
673,72.132873
673.5,72.413635
674,72.26715
674.5,72.180175
675,72.505187
675.5,72.305297
676,72.0932
676.5,72.599792
677,72.640991
677.5,72.242736
678,72.528076
678.5,72.720336
679,72.37854
679.5,72.560119
680,72.789001
680.5,72.459411
681,72.671508
681.5,73.121643
682,72.817993
682.5,72.703552
683,73.1781
683.5,73.114013
684,72.943115
684.5,73.321533
685,73.27423
685.5,72.984313
686,73.368835
686.5,73.474121
687,73.072814
687.5,73.323059
688,73.651123
688.5,73.503112
689,73.628234
689.5,73.82965
690,73.524475
690.5,73.443603
691,73.802185
691.5,73.745727
692,73.606872
692.5,73.893737
693,73.934936
693.5,73.797607
694,73.956298
694.5,74.092102
695,74.108886
695.5,74.264526
696,74.348449
696.5,74.243164
697,74.343872
697.5,74.546813
698,74.522399
698.5,74.554443
699,74.765014
699.5,74.827575
700,74.819946
700.5,74.971008
701,75.109863
701.5,75.091552
702,75.0885
702.5,75.202941
703,75.280761
703.5,75.369262
704,75.454711
704.5,75.494384
705,75.584411
705.5,75.724792
706,75.784301
706.5,75.769042
707,75.813293
707.5,75.859069
708,75.878906
708.5,75.958251
709,76.019287
709.5,76.013183
710,76.010131
710.5,76.055908
711,76.184082
711.5,76.243591
712,76.174926
712.5,76.200866
713,76.322937
713.5,76.38092
714,76.362609
714.5,76.371765
715,76.414489
715.5,76.464843
716,76.495361
716.5,76.522827
717,76.571655
717.5,76.53656
718,76.518249
718.5,76.524353
719,76.50299
719.5,76.391601
720,76.219177
720.5,76.210021
721,76.490783
721.5,76.693725
722,76.779174
722.5,76.826477
723,76.829528
723.5,76.855468
724,76.853942
724.5,76.856994
725,76.879882
725.5,76.899719
726,76.913452
726.5,76.95465
727,77.030944
727.5,77.064514
728,77.079772
728.5,77.087402
729,77.085876
729.5,77.107238
730,77.105712
730.5,77.105712
731,77.130126
731.5,77.13623
732,77.124023
732.5,77.149963
733,77.18048
733.5,77.191162
734,77.195739
734.5,77.217102
735,77.272033
735.5,77.330017
736,77.340698
736.5,77.354431
737,77.357482
737.5,77.374267
738,77.450561
738.5,77.456665
739,77.409362
739.5,77.41394
740,77.450561
740.5,77.479553
741,77.453613
741.5,77.412414
742,77.450561
742.5,77.531433
743,77.554321
743.5,77.516174
744,77.497863
744.5,77.534484
745,77.540588
745.5,77.525329
746,77.508544
746.5,77.51007
747,77.519226
747.5,77.496337
748,77.482604
748.5,77.482604
749,77.488708
749.5,77.497863
750,77.487182
750.5,77.481079
751,77.464294
751.5,77.452087
752,77.481079
752.5,77.481079
753,77.438354
753.5,77.43225
754,77.438354
754.5,77.427673
755,77.406311
755.5,77.400207
756,77.398681
756.5,77.384948
757,77.297973
757.5,77.236938
758,77.210998
758.5,77.130126
759,77.064514
759.5,77.017211
760,76.890563
760.5,76.757812
761,76.716613
761.5,76.737976
762,76.756286
762.5,76.794433
763,76.85852
763.5,76.916503
764,76.953125
764.5,77.000427
765,77.070617
765.5,77.075195
766,77.003479
766.5,76.907348
767,76.817321
767.5,76.792907
768,76.70288
768.5,76.45874
769,76.304626
769.5,76.304626
770,76.408386
770.5,76.641845
771,77.046203
771.5,77.276611
772,77.326965
772.5,77.301025
773,77.224731
773.5,77.178955
774,77.18048
774.5,77.186584
775,77.182006
775.5,77.163696
776,77.203369
776.5,77.275085
777,77.326965
777.5,77.330017
778,77.346801
778.5,77.41394
779,77.513122
779.5,77.607727
780,77.636718
780.5,77.621459
781,77.647399
781.5,77.688598
782,77.671813
782.5,77.673339
783,77.696228
783.5,77.668762
784,77.656555
784.5,77.68402
785,77.650451
785.5,77.598571
786,77.565002
786.5,77.580261
787,77.508544
787.5,77.476501
788,77.450561
788.5,77.403259
789,77.360534
789.5,77.331542
790,77.299499
790.5,77.250671
791,77.215576
791.5,77.177429
792,77.055358
792.5,76.943969
793,76.905822
793.5,76.905822
794,76.899719
794.5,76.820373
795,76.745605
795.5,76.657104
796,76.600646
796.5,76.605224
797,76.556396
797.5,76.429748
798,76.361083
798.5,76.338195
799,76.295471
799.5,76.1734
800,76.054382
800.5,75.94757
801,75.892639
801.5,75.808715
802,75.579833
802.5,75.300598
803,75.07019
803.5,74.879455
804,74.745178
804.5,74.678039
805,74.671936
805.5,74.691772
806,74.613952
806.5,74.407958
807,74.150085
807.5,73.908996
808,73.646545
808.5,73.345947
809,72.998046
809.5,72.601318
810,72.230529
810.5,71.876525
811,71.534729
811.5,71.159362
812,70.779418
812.5,70.507812
813,70.289611
813.5,70.07904
814,69.863891
814.5,69.74945
815,69.760131
815.5,69.75708
816,69.831848
816.5,70.072937
817,70.33081
817.5,70.584106
818,70.854187
818.5,71.205139
819,71.591186
819.5,71.89331
820,72.174072
820.5,72.528076
821,72.85614
821.5,73.092651
822,73.268127
822.5,73.364257
823,73.452758
823.5,73.695373
824,74.009704
824.5,74.281311
825,74.51477
825.5,74.659729
826,74.755859
826.5,74.798583
827,74.891662
827.5,74.978637
828,74.989318
828.5,75.019836
829,75.036621
829.5,75.032043
830,75.079345
830.5,75.129699
831,75.134277
831.5,75.115966
832,75.152587
832.5,75.196838
833,75.164794
833.5,75.144958
834,75.163269
834.5,75.132751
835,75.099182
835.5,75.094604
836,75.050354
836.5,75.048828
837,75.036621
837.5,75.006103
838,74.96643
838.5,74.911499
839,74.88861
839.5,74.859619
840,74.786376
840.5,74.734497
841,74.719238
841.5,74.713134
842,74.659729
842.5,74.56665
843,74.456787
843.5,74.378967
844,74.30725
844.5,74.188232
845,74.082946
845.5,73.992919
846,73.854064
846.5,73.735046
847,73.703002
847.5,73.701477
848,73.652648
848.5,73.553466
849,73.440551
849.5,73.339843
850,73.306274
850.5,73.327636
851,73.362731
851.5,73.336791
852,73.303222
852.5,73.301696
853,73.329162
853.5,73.365783
854,73.45581
854.5,73.532104
855,73.608398
855.5,73.68164
856,73.742675
856.5,73.806762
857,73.916625
857.5,74.070739
858,74.220275
858.5,74.337768
859,74.479675
859.5,74.621582
860,74.713134
860.5,74.812316
861,74.983215
861.5,75.163269
862,75.288391
862.5,75.408935
863,75.578308
863.5,75.730895
864,75.779724
864.5,75.863647
865,76.00708
865.5,76.110839
866,76.182556
866.5,76.263427
867,76.321411
867.5,76.390075
868,76.47705
868.5,76.58081
869,76.615905
869.5,76.620483
870,76.660156
870.5,76.72882
871,76.785278
871.5,76.834106
872,76.861572
872.5,76.901245
873,76.951599
873.5,76.933288
874,76.940917
874.5,76.997375
875,77.029418
875.5,77.021789
876,77.027893
876.5,77.044677
877,77.08435
877.5,77.114868
878,77.098083
878.5,77.069091
879,77.101135
879.5,77.133178
880,77.148437
880.5,77.163696
881,77.172851
881.5,77.149963
882,77.148437
882.5,77.153015
883,77.174377
883.5,77.221679
884,77.221679
884.5,77.203369
885,77.229309
885.5,77.241516
886,77.235412
886.5,77.230834
887,77.212524
887.5,77.209472
888,77.256774
888.5,77.285766
889,77.261352
889.5,77.272033
890,77.297973
890.5,77.305603
891,77.276611
891.5,77.273559
892,77.302551
892.5,77.297973
893,77.247619
893.5,77.253723
894,77.281188
894.5,77.293395
895,77.275085
895.5,77.276611
896,77.282714
896.5,77.316284
897,77.342224
897.5,77.352905
898,77.305603
898.5,77.262878
899,77.250671
899.5,77.29187
900,77.316284
900.5,77.29187
901,77.287292
901.5,77.282714
902,77.278137
902.5,77.294921
903,77.320861
903.5,77.313232
904,77.281188
904.5,77.2583
905,77.244567
905.5,77.264404
906,77.31781
906.5,77.29187
907,77.253723
907.5,77.220153
908,77.210998
908.5,77.250671
909,77.282714
909.5,77.272033
910,77.259826
910.5,77.264404
911,77.275085
911.5,77.270507
912,77.282714
912.5,77.259826
913,77.204895
913.5,77.182006
914,77.217102
914.5,77.243041
915,77.233886
915.5,77.227783
916,77.233886
916.5,77.276611
917,77.278137
917.5,77.227783
918,77.191162
918.5,77.218627
919,77.235412
919.5,77.23999
920,77.215576
920.5,77.217102
921,77.217102
921.5,77.233886
922,77.244567
922.5,77.256774
923,77.243041
923.5,77.256774
924,77.275085
924.5,77.26593
925,77.23236
925.5,77.23999
926,77.256774
926.5,77.261352
927,77.250671
927.5,77.241516
928,77.270507
928.5,77.276611
929,77.227783
929.5,77.207946
930,77.23236
930.5,77.201843
931,77.186584
931.5,77.186584
932,77.21405
932.5,77.223205
933,77.217102
933.5,77.194213
934,77.221679
934.5,77.259826
935,77.26593
935.5,77.212524
936,77.195739
936.5,77.217102
937,77.21405
937.5,77.183532
938,77.194213
938.5,77.195739
939,77.200317
939.5,77.18811
940,77.154541
940.5,77.140808
941,77.151489
941.5,77.148437
942,77.140808
942.5,77.160644
943,77.18048
943.5,77.169799
944,77.146911
944.5,77.122497
945,77.095031
945.5,77.098083
946,77.090454
946.5,77.111816
947,77.124023
947.5,77.119445
948,77.107238
948.5,77.099609
949,77.107238
949.5,77.131652
950,77.140808
950.5,77.127075
951,77.082824
951.5,77.105712
952,77.108764
952.5,77.064514
953,77.044677
953.5,77.05841
954,77.082824
954.5,77.053833
955,77.00653
955.5,77.001953
956,77.001953
956.5,77.001953
957,77.011108
957.5,77.000427
958,77.005004
958.5,77.021789
959,77.021789
959.5,76.98822
960,76.966857
960.5,76.968383
961,77.009582
961.5,77.015686
962,77.012634
962.5,76.972961
963,76.950073
963.5,76.956176
964,76.945495
964.5,76.922607
965,76.914978
965.5,76.924133
966,76.924133
966.5,76.890563
967,76.889038
967.5,76.919555
968,76.921081
968.5,76.914978
969,76.889038
969.5,76.846313
970,76.863098
970.5,76.916503
971,76.922607
971.5,76.893615
972,76.843261
972.5,76.834106
973,76.881408
973.5,76.892089
974,76.876831
974.5,76.846313
975,76.797485
975.5,76.802062
976,76.824951
976.5,76.811218
977,76.80664
977.5,76.820373
978,76.777648
978.5,76.733398
979,76.741027
979.5,76.75476
980,76.774597
980.5,76.802062
981,76.779174
981.5,76.739501
982,76.741027
982.5,76.744079
983,76.705932
983.5,76.696777
984,76.724243
984.5,76.734924
985,76.730346
985.5,76.701354
986,76.63269
986.5,76.623535
987,76.673889
987.5,76.690673
988,76.670837
988.5,76.670837
989,76.669311
989.5,76.614379
990,76.544189
990.5,76.535034
991,76.52893
991.5,76.548767
992,76.576232
992.5,76.565551
993,76.547241
993.5,76.524353
994,76.501464
994.5,76.521301
995,76.553344
995.5,76.559448
996,76.541137
996.5,76.504516
997,76.495361
997.5,76.472473
998,76.402282
998.5,76.374816
999,76.420593
999.5,76.435852
1000,76.400756
1000.5,76.371765
1001,76.394653
1001.5,76.417541
1002,76.382446
1002.5,76.330566
1003,76.269531
1003.5,76.205444
1004,76.226806
1004.5,76.205444
1005,76.124572
1005.5,76.081848
1006,76.052856
1006.5,76.074218
1007,76.100158
1007.5,76.083374
1008,76.098632
1008.5,76.110839
1009,76.092529
1009.5,76.094055
1010,76.034545
1010.5,75.87738
1011,75.790405
1011.5,75.813293
1012,75.833129
1012.5,75.840759
1013,75.863647
1013.5,75.888061
1014,75.859069
1014.5,75.817871
1015,75.793457
1015.5,75.769042
1016,75.720214
1016.5,75.656127
1017,75.546264
1017.5,75.421142
1018,75.294494
1018.5,75.288391
1019,75.431823
1019.5,75.526428
1020,75.541687
1020.5,75.543212
1021,75.506591
1021.5,75.421142
1022,75.302124
1022.5,75.097656
1023,74.94049
1023.5,75.050354
1024,75.248718
1024.5,75.305175
1025,75.289916
1025.5,75.263977
1026,75.222778
1026.5,75.170898
1027,75.158691
1027.5,75.177001
1028,75.143432
1028.5,75.068664
1029,75.013732
1029.5,74.874877
1030,74.711608
1030.5,74.743652
1031,74.880981
1031.5,74.913024
1032,74.92218
1032.5,74.906921
1033,74.853515
1033.5,74.783325
1034,74.72229
1034.5,74.603271
1035,74.398803
1035.5,74.38507
1036,74.63684
1036.5,74.790954
1037,74.772644
1037.5,74.742126
1038,74.781799
1038.5,74.845886
1039,74.83673
1039.5,74.850463
1040,74.88861
1040.5,74.871826
1041,74.775695
1041.5,74.537658
1042,74.247741
1042.5,74.339294
1043,74.71466
1043.5,74.92218
1044,74.977111
1044.5,75.001525
1045,75.042724
1045.5,75.074768
1046,75.073242
1046.5,75.071716
1047,75.054931
1047.5,75.042724
1048,75.012207
1048.5,74.960327
1049,74.949645
1049.5,74.951171
1050,74.853515
1050.5,74.668884
1051,74.554443
1051.5,74.58496
1052,74.597167
1052.5,74.505615
1053,74.443054
1053.5,74.334716
1054,73.968505
1054.5,73.580932
1055,73.745727
1055.5,74.142456
1056,74.362182
1056.5,74.398803
1057,74.374389
1057.5,74.412536
1058,74.461364
1058.5,74.395751
1059,74.291992
1059.5,74.255371
1060,74.21112
1060.5,74.110412
1061,74.006652
1061.5,73.950195
1062,73.939514
1062.5,73.843383
1063,73.542785
1063.5,73.144531
1064,72.944641
1064.5,73.017883
1065,73.104858
1065.5,73.104858
1066,73.156738
1066.5,73.237609
1067,73.260498
1067.5,73.251342
1068,73.190307
1068.5,73.059082
1069,72.969055
1069.5,72.911071
1070,72.828674
1070.5,72.708129
1071,72.51892
1071.5,72.290039
1072,72.122192
1072.5,72.061157
1073,72.02301
1073.5,71.951293
1074,71.807861
1074.5,71.548461
1075,71.124267
1075.5,70.559692
1076,70.190429
1076.5,70.373535
1077,70.697021
1077.5,70.661926
1078,70.477294
1078.5,70.248413
1079,69.947814
1079.5,69.67926
1080,69.519042
1080.5,69.422912
1081,69.306945
1081.5,69.07196
1082,68.800354
1082.5,68.571472
1083,68.26477
1083.5,67.919921
1084,67.56134
1084.5,67.112731
1085,66.578674
1085.5,66.217041
1086,66.072082
1086.5,65.835571
1087,65.623474
1087.5,65.611267
1088,65.4953
1088.5,65.240478
1089,64.982604
1089.5,64.797973
1090,64.756774
1090.5,64.759826
1091,64.651489
1091.5,64.56604
1092,64.686584
1092.5,64.830017
1093,64.93988
1093.5,65.014648
1094,64.987182
1094.5,64.857482
1095,64.826965
1095.5,64.903259
1096,65.26184
1096.5,65.776062
1097,66.17279
1097.5,66.54663
1098,66.940307
1098.5,67.189025
1099,67.359924
1099.5,67.430114
1100,67.367553
1100.5,67.544555
1101,68.182373
1101.5,68.803405
1102,69.129943
1102.5,69.331359
1103,69.468688
1103.5,69.529724
1104,69.567871
1104.5,69.595336
1105,69.630432
1105.5,70.02716
1106,70.55664
1106.5,70.924377
1107,71.130371
1107.5,71.2677
1108,71.440124
1108.5,71.627807
1109,71.699523
1109.5,71.71936
1110,71.810913
1110.5,72.02301
1111,72.198486
1111.5,72.431945
1112,72.607421
1112.5,72.671508
1113,72.756958
1113.5,72.776794
1114,72.676086
1114.5,72.721862
1115,72.950744
1115.5,72.886657
1116,72.412109
1116.5,72.108459
1117,72.50061
1117.5,73.149108
1118,73.37799
1118.5,73.168945
1119,72.981262
1119.5,73.12622
1120,73.402404
1120.5,73.564147
1121,73.597717
1121.5,73.661804
1122,73.664855
1122.5,73.402404
1123,73.045349
1123.5,73.080444
1124,73.335266
1124.5,73.268127
1125,72.80426
1125.5,72.555541
1126,73.037719
1126.5,73.579406
1127,73.672485
1127.5,73.750305
1128,73.796081
1128.5,73.698425
1129,73.77777
1129.5,73.944091
1130,73.910522
1130.5,73.70758
1131,73.297119
1131.5,73.130798
1132,73.596191
1132.5,73.986816
1133,74.006652
1133.5,74.034118
1134,74.224853
1134.5,74.243164
1135,73.997497
1135.5,73.771667
1136,73.774719
1136.5,73.843383
1137,74.006652
1137.5,74.005126
1138,73.683166
1138.5,73.292541
1139,73.205566
1139.5,73.30017
1140,73.474121
1140.5,73.666381
1141,73.823547
1141.5,74.009704
1142,74.076843
1142.5,73.963928
1143,73.883056
1143.5,73.774719
1144,73.699951
1144.5,73.823547
1145,74.092102
1145.5,74.264526
1146,74.272155
1146.5,74.162292
1147,73.774719
1147.5,73.414611
1148,73.451232
1148.5,73.696899
1149,73.742675
1149.5,73.690795
1150,73.701477
1150.5,73.669433
1151,73.399353
1151.5,73.13385
1152,73.194885
1152.5,73.495483
1153,73.876953
1153.5,74.08142
1154,74.084472
1154.5,73.904418
1155,73.541259
1155.5,73.434448
1156,73.460388
1156.5,73.220825
1157,73.040771
1157.5,73.309326
1158,73.699951
1158.5,73.936462
1159,74.066162
1159.5,74.072265
1160,74.10736
1160.5,74.316406
1161,74.551391
1161.5,74.650573
1162,74.600219
1162.5,74.534606
1163,74.400329
1163.5,74.200439
1164,73.939514
1164.5,73.684692
1165,73.712158
1165.5,74.124145
1166,74.46289
1166.5,74.565124
1167,74.482727
1167.5,74.336242
1168,74.363708
1168.5,74.598693
1169,74.746704
1169.5,74.79248
1170,74.826049
1170.5,74.83673
1171,74.850463
1171.5,74.873352
1172,74.891662
1172.5,74.856567
1173,74.835205
1173.5,74.856567
1174,74.868774
1174.5,74.853515
1175,74.847412
1175.5,74.841308
1176,74.859619
1176.5,74.871826
1177,74.86267
1177.5,74.84436
1178,74.884033
1178.5,74.882507
1179,74.894714
1179.5,74.902343
1180,74.925231
1180.5,74.945068
1181,74.957275
1181.5,74.954223
1182,74.958801
1182.5,74.946594
1183,74.954223
1183.5,74.972534
1184,74.971008
1184.5,74.94049
1185,74.932861
1185.5,74.980163
1186,74.986267
1186.5,74.971008
1187,74.96643
1187.5,74.96643
1188,74.977111
1188.5,74.957275
1189,74.873352
1189.5,74.752807
1190,74.650573
1190.5,74.703979
1191,74.79248
1191.5,74.804687
1192,74.699401
1192.5,74.394226
1193,74.043273
1193.5,74.035644
1194,74.342346
1194.5,74.627685
1195,74.810791
1195.5,74.88861
1196,74.917602
1196.5,74.935913
1197,74.903869
1197.5,74.79248
1198,74.613952
1198.5,74.494934
1199,74.484252
1199.5,74.465942
1200,74.522399
1200.5,74.760437
1201,74.958801
1201.5,75.007629
1202,74.975585
1202.5,74.967956
1203,74.961853
1203.5,74.96643
1204,74.931335
1204.5,74.83673
1205,74.571228
1205.5,74.008178
1206,73.280334
1206.5,73.115539
1207,73.63739
1207.5,74.049377
1208,74.148559
1208.5,74.261474
1209,74.400329
1209.5,74.594116
1210,74.769592
1210.5,74.806213
1211,74.743652
1211.5,74.72229
1212,74.771118
1212.5,74.725341
1213,74.552917
1213.5,74.51477
1214,74.690246
1214.5,74.784851
1215,74.812316
1215.5,74.810791
1216,74.697875
1216.5,74.531555
1217,74.272155
1217.5,73.791503
1218,73.408508
1218.5,73.330688
1219,73.612976
1219.5,74.241638
1220,74.708557
1220.5,74.780273
1221,74.731445
1221.5,74.685668
1222,74.746704
1222.5,74.765014
1223,74.638366
1223.5,74.481201
1224,74.343872
1224.5,74.156188
1225,73.991394
1225.5,74.005126
1226,74.16687
1226.5,74.407958
1227,74.496459
1227.5,74.357604
1228,74.264526
1228.5,74.336242
1229,74.369812
1229.5,74.223327
1230,73.951721
1230.5,73.860168
1231,74.069213
1231.5,74.320983
1232,74.409484
1232.5,74.337768
1233,74.116516
1233.5,73.669433
1234,73.367309
1234.5,73.664855
1235,74.174499
1235.5,74.33319
1236,74.256896
1236.5,74.072265
1237,74.008178
1237.5,74.171447
1238,74.305725
1238.5,74.266052
1239,74.151611
1239.5,74.008178
1240,73.674011
1240.5,73.408508
1241,73.68164
1241.5,74.005126
1242,73.794555
1242.5,73.440551
1243,73.367309
1243.5,73.489379
1244,73.712158
1244.5,74.038696
1245,74.223327
1245.5,74.266052
1246,74.209594
1246.5,74.052429
1247,73.873901
1247.5,73.899841
1248,73.976135
1248.5,73.930358
1249,73.760986
1249.5,73.497009
1250,73.12622
1250.5,72.77069
1251,72.489929
1251.5,72.434997
1252,72.683715
1252.5,72.912597
1253,73.008728
1253.5,73.071289
1254,73.135375
1254.5,73.158264
1255,73.120117
1255.5,73.02246
1256,72.851562
1256.5,72.62268
1257,72.39685
1257.5,72.166442
1258,71.861267
1258.5,71.429443
1259,70.681762
1259.5,69.639587
1260,68.957519
1260.5,69.07196
1261,69.352722
1261.5,69.325256
1262,69.17572
1262.5,69.055175
1263,68.948364
1263.5,68.833923
1264,68.695068
1264.5,68.557739
1265,68.432617
1265.5,68.310546
1266,68.234252
1266.5,68.313598
1267,68.539428
1267.5,68.736267
1268,68.792724
1268.5,68.650817
1269,68.511962
1269.5,68.804931
1270,69.395446
1270.5,69.631958
1271,69.609069
1271.5,69.819641
1272,70.376586
1272.5,70.826721
1273,71.159362
1273.5,71.624755
1274,72.181701
1274.5,72.51892
1275,72.743225
1275.5,72.917175
1276,73.037719
1276.5,73.098754
1277,73.078918
1277.5,72.898864
1278,72.782897
1278.5,73.091125
1279,73.538208
1279.5,73.715209
1280,73.70758
1280.5,73.710632
1281,73.799133
1281.5,73.884582
1282,73.851013
1282.5,73.7854
1283,73.797607
1283.5,73.921203
1284,73.979187
1284.5,73.884582
1285,73.73352
1285.5,73.70758
1286,73.680114
1286.5,73.522949
1287,73.489379
1287.5,73.718261
1288,73.928833
1288.5,74.090576
1289,74.253845
1289.5,74.351501
1290,74.394226
1290.5,74.38507
1291,74.327087
1291.5,74.241638
1292,74.10736
1292.5,74.044799
1293,74.136352
1293.5,74.18518
1294,74.157714
1294.5,74.177551
1295,74.119567
1295.5,73.982238
1296,74.008178
1296.5,74.154663
1297,74.230957
1297.5,74.320983
1298,74.371337
1298.5,74.382019
1299,74.322509
1299.5,74.266052
1300,74.223327
1300.5,74.273681
1301,74.375915
1301.5,74.456787
1302,74.461364
1302.5,74.458312
1303,74.432373
1303.5,74.368286
1304,74.243164
1304.5,74.205017
1305,74.261474
1305.5,74.258422
1306,74.21875
1306.5,74.214172
1307,74.209594
1307.5,74.244689
1308,74.279785
1308.5,74.153137
1309,73.887634
1309.5,73.756408
1310,74.01123
1310.5,74.324035
1311,74.464416
1311.5,74.446105
1312,74.371337
1312.5,74.250793
1313,74.198913
1313.5,74.223327
1314,74.246215
1314.5,74.253845
1315,74.308776
1315.5,74.342346
1316,74.317932
1316.5,74.238586
1317,74.223327
1317.5,74.290466
1318,74.334716
1318.5,74.386596
1319,74.44458
1319.5,74.440002
1320,74.380493
1320.5,74.240112
1321,74.012756
1321.5,73.83728
1322,73.931884
1322.5,74.15924
1323,74.290466
1323.5,74.287414
1324,74.269104
1324.5,74.291992
1325,74.349975
1325.5,74.349975
1326,74.345397
1326.5,74.349975
1327,74.363708
1327.5,74.351501
1328,74.348449
1328.5,74.325561
1329,74.290466
1329.5,74.266052
1330,74.331665
1330.5,74.368286
1331,74.365234
1331.5,74.339294
1332,74.296569
1332.5,74.246215
1333,74.206542
1333.5,74.165344
1334,74.116516
1334.5,74.079895
1335,74.116516
1335.5,74.263
1336,74.343872
1336.5,74.325561
1337,74.354553
1337.5,74.415588
1338,74.421691
1338.5,74.426269
1339,74.441528
1339.5,74.539184
1340,74.549865
1340.5,74.447631
1341,74.317932
1341.5,74.282836
1342,74.259948
1342.5,74.205017
1343,74.121093
1343.5,74.085998
1344,74.145507
1344.5,74.243164
1345,74.282836
1345.5,74.291992
1346,74.279785
1346.5,74.246215
1347,74.169921
1347.5,74.026489
1348,73.838806
1348.5,73.794555
1349,73.994445
1349.5,74.195861
1350,74.238586
1350.5,74.229431
1351,74.234008
1351.5,74.224853
1352,74.203491
1352.5,74.224853
1353,74.246215
1353.5,74.299621
1354,74.351501
1354.5,74.357604
1355,74.284362
1355.5,74.261474
1356,74.246215
1356.5,74.255371
1357,74.255371
1357.5,74.255371
1358,74.226379
1358.5,74.162292
1359,74.110412
1359.5,74.113464
1360,74.082946
1360.5,73.973083
1361,73.953247
1361.5,74.169921
1362,74.440002
1362.5,74.565124
1363,74.452209
1363.5,74.249267
1364,74.201965
1364.5,74.201965
1365,74.208068
1365.5,74.194335
1366,74.224853
1366.5,74.212646
1367,74.206542
1367.5,74.21875
1368,74.270629
1368.5,74.256896
1369,74.217224
1369.5,74.201965
1370,74.198913
1370.5,74.147033
1371,74.119567
1371.5,74.102783
1372,74.078369
1372.5,74.110412
1373,74.203491
1373.5,74.304199
1374,74.403381
1374.5,74.447631
1375,74.38507
1375.5,74.272155
1376,74.194335
1376.5,74.150085
1377,74.171447
1377.5,74.209594
1378,74.214172
1378.5,74.201965
1379,74.208068
1379.5,74.179077
1380,74.171447
1380.5,74.171447
1381,74.176025
1381.5,74.172973
1382,74.16687
1382.5,74.124145
1383,74.105834
1383.5,74.064636
1384,74.057006
1384.5,74.040222
1385,74.024963
1385.5,74.03717
1386,74.145507
1386.5,74.337768
1387,74.363708
1387.5,74.075317
1388,73.921203
1388.5,74.028015
1389,74.116516
1389.5,74.113464
1390,74.104309
1390.5,74.143981
1391,74.148559
1391.5,74.105834
1392,74.047851
1392.5,74.085998
1393,74.201965
1393.5,74.41864
1394,74.511718
1394.5,74.407958
1395,74.356079
1395.5,74.301147
1396,74.177551
1396.5,74.101257
1397,74.124145
1397.5,74.217224
1398,74.291992
1398.5,74.360656
1399,74.272155
1399.5,74.052429
1400,73.88153
1400.5,73.812866
1401,73.849487
1401.5,73.913574
1402,73.928833
1402.5,73.908996
1403,73.912048
1403.5,73.989868
1404,74.110412
1404.5,74.208068
1405,74.121093
1405.5,73.983764
1406,73.904418
1406.5,73.876953
1407,73.843383
1407.5,73.854064
1408,73.878479
1408.5,73.893737
1409,73.866271
1409.5,73.852539
1410,73.835754
1410.5,73.835754
1411,73.832702
1411.5,73.825073
1412,73.760986
1412.5,73.696899
1413,73.672485
1413.5,73.695373
1414,73.745727
1414.5,73.796081
1415,73.851013
1415.5,73.872375
1416,73.884582
1416.5,73.956298
1417,74.020385
1417.5,74.023437
1418,74.253845
1418.5,74.68872
1419,74.822998
1419.5,74.296569
1420,73.98529
1420.5,73.849487
1421,73.760986
1421.5,73.715209
1422,73.757934
1422.5,73.870849
1423,74.061584
1423.5,74.145507
1424,74.052429
1424.5,73.925781
1425,73.867797
1425.5,73.843383
1426,73.847961
1426.5,73.854064
1427,73.851013
1427.5,73.812866
1428,73.817443
1428.5,73.953247
1429,74.156188
1429.5,74.243164
1430,74.154663
1430.5,74.005126
1431,73.944091
1431.5,73.948669
1432,73.983764
1432.5,73.991394
1433,73.936462
1433.5,73.814392
1434,73.73352
1434.5,73.724365
1435,73.913574
1435.5,74.298095
1436,74.76654
1436.5,74.664306
1437,74.176025
1437.5,73.995971
1438,73.928833
1438.5,73.890686
1439,73.870849
1439.5,73.828125
1440,73.812866
1440.5,73.814392
1441,73.838806
1441.5,73.876953
1442,73.858642
1442.5,73.83728
1443,73.831176
1443.5,73.80371
1444,73.791503
1444.5,73.808288
1445,73.764038
1445.5,73.744201
1446,73.762512
1446.5,73.88153
1447,74.104309
1447.5,74.21875
1448,74.023437
1448.5,73.802185
1449,73.715209
1449.5,73.724365
1450,73.683166
1450.5,73.675537
1451,73.75946
1451.5,73.818969
1452,73.750305
1452.5,73.640441
1453,73.580932
1453.5,73.599243
1454,73.68927
1454.5,73.800659
1455,73.947143
1455.5,74.30725
1456,74.832153
1456.5,74.954223
1457,74.496459
1457.5,74.432373
1458,74.403381
1458.5,74.234008
1459,74.008178
1459.5,73.825073
1460,73.744201
1460.5,73.713684
1461,73.674011
1461.5,73.660278
1462,73.614501
1462.5,73.593139
1463,73.675537
1463.5,73.953247
1464,74.279785
1464.5,74.395751
1465,74.043273
1465.5,73.7854
1466,73.728942
1466.5,73.710632
1467,73.686218
1467.5,73.687744
1468,73.684692
1468.5,73.6557
1469,73.590087
1469.5,73.562622
1470,73.657226
1470.5,73.9151
1471,74.319458
1471.5,74.586486
1472,74.516296
1472.5,74.554443
1473,74.537658
1473.5,74.1333
1474,73.875427
1474.5,73.880004
1475,74.087524
1475.5,74.362182
1476,74.357604
1476.5,74.08142
1477,73.899841
1477.5,73.820495
1478,73.802185
1478.5,73.788452
1479,73.783874
1479.5,73.789978
1480,73.835754
1480.5,73.924255
1481,73.95935
1481.5,73.922729
1482,73.88153
1482.5,73.841857
1483,73.806762
1483.5,73.773193
1484,73.762512
1484.5,73.791503
1485,73.857116
1485.5,73.927307
1486,74.08905
1486.5,74.285888
1487,74.290466
1487.5,74.061584
1488,73.983764
1488.5,74.121093
1489,74.41101
1489.5,74.531555
1490,74.530029
1490.5,74.337768
1491,74.046325
1491.5,73.904418
1492,73.872375
1492.5,73.832702
1493,73.831176
1493.5,73.814392
1494,73.815917
1494.5,73.922729
1495,74.230957
1495.5,74.563598
1496,74.458312
1496.5,74.057006
1497,73.966979
1497.5,74.110412
1498,74.322509
1498.5,74.305725
1499,74.052429
1499.5,73.88153
1500,73.800659
1500.5,73.823547
1501,73.866271
1501.5,73.86322
1502,73.800659
1502.5,73.725891
1503,73.687744
1503.5,73.715209
1504,73.912048
1504.5,74.296569
1505,74.707031
1505.5,74.983215
1506,75.471496
1506.5,75.619506
1507,75.103759
1507.5,74.699401
1508,74.54071
1508.5,74.380493
1509,74.264526
1509.5,74.105834
1510,73.884582
1510.5,73.793029
1511,73.869323
1511.5,74.024963
1512,73.979187
1512.5,73.738098
1513,73.620605
1513.5,73.683166
1514,73.794555
1514.5,73.864746
1515,73.875427
1515.5,74.050903
1516,74.331665
1516.5,74.635314
1517,74.508666
1517.5,73.999023
1518,73.667907
1518.5,73.590087
1519,73.727416
1519.5,74.047851
1520,74.369812
1520.5,74.624633
1521,74.464416
1521.5,74.276733
1522,74.293518
1522.5,74.046325
1523,73.68927
1523.5,73.574829
1524,73.698425
1524.5,73.989868
1525,74.110412
1525.5,73.878479
1526,73.741149
1526.5,73.760986
1527,73.760986
1527.5,73.789978
1528,73.791503
1528.5,73.646545
1529,73.457336
1529.5,73.358154
1530,73.350524
1530.5,73.41156
1531,73.452758
1531.5,73.521423
1532,73.719787
1532.5,74.044799
1533,74.327087
1533.5,74.212646
1534,73.799133
1534.5,73.608398
1535,73.524475
1535.5,73.440551
1536,73.342895
1536.5,73.303222
1537,73.425292
1537.5,73.739624
1538,74.269104
1538.5,74.713134
1539,74.755859
1539.5,74.682617
1540,74.345397
1540.5,74.005126
1541,74.171447
1541.5,74.269104
1542,73.953247
1542.5,73.722839
1543,73.727416
1543.5,73.724365
1544,73.924255
1544.5,74.118041
1545,73.953247
1545.5,73.579406
1546,73.439025
1546.5,73.40393
1547,73.397827
1547.5,73.413085
1548,73.509216
1548.5,73.683166
1549,73.919677
1549.5,74.053955
1550,73.922729
1550.5,73.712158
1551,73.602294
1551.5,73.544311
1552,73.516845
1552.5,73.612976
1553,73.912048
1553.5,74.269104
1554,74.293518
1554.5,73.857116
1555,73.588562
1555.5,73.538208
1556,73.670959
1556.5,74.018859
1557,74.577331
1557.5,75.099182
1558,75.325012
1558.5,75.196838
1559,75.500488
1559.5,75.531005
1560,74.647521
1560.5,73.858642
1561,73.654174
1561.5,73.558044
1562,73.498535
1562.5,73.48175
1563,73.526
1563.5,73.645019
1564,73.818969
1564.5,73.872375
1565,73.742675
1565.5,73.579406
1566,73.449707
1566.5,73.381042
1567,73.376464
1567.5,73.492431
1568,73.762512
1568.5,74.172973
1569,74.493408
1569.5,74.291992
1570,73.822021
1570.5,73.608398
1571,73.50769
1571.5,73.463439
1572,73.434448
1572.5,73.417663
1573,73.388671
1573.5,73.355102
1574,73.397827
1574.5,73.658752
1575,74.183654
1575.5,74.656677
1576,74.424743
1576.5,73.878479
1577,73.738098
1577.5,73.643493
1578,73.524475
1578.5,73.457336
1579,73.426818
1579.5,73.413085
1580,73.400878
1580.5,73.417663
1581,73.41156
1581.5,73.417663
1582,73.416137
1582.5,73.425292
1583,73.406982
1583.5,73.413085
1584,73.394775
1584.5,73.394775
1585,73.391723
1585.5,73.420715
1586,73.406982
1586.5,73.399353
1587,73.364257
1587.5,73.362731
1588,73.356628
1588.5,73.382568
1589,73.414611
1589.5,73.428344
1590,73.405456
1590.5,73.394775
1591,73.405456
1591.5,73.406982
1592,73.370361
1592.5,73.350524
1593,73.388671
1593.5,73.448181
1594,73.484802
1594.5,73.442077
1595,73.408508
1595.5,73.41156
1596,73.405456
1596.5,73.382568
1597,73.365783
1597.5,73.362731
1598,73.335266
1598.5,73.323059
1599,73.33374
1599.5,73.355102
1600,73.367309
1600.5,73.382568
1601,73.361206
1601.5,73.342895
1602,73.365783
1602.5,73.40393
1603,73.38562
1603.5,73.33374
1604,73.284912
1604.5,73.284912
1605,73.323059
1605.5,73.327636
1606,73.32611
1606.5,73.344421
1607,73.364257
1607.5,73.344421
1608,73.376464
1608.5,73.431396
1609,73.474121
1609.5,73.426818
1610,73.341369
1610.5,73.277282
1611,73.30017
1611.5,73.283386
1612,73.260498
1612.5,73.237609
1613,73.236083
1613.5,73.20404
1614,73.191833
1614.5,73.228454
1615,73.477172
1615.5,73.939514
1616,74.331665
1616.5,74.104309
1617,73.605346
1617.5,73.4375
1618,73.315429
1618.5,73.219299
1619,73.171997
1619.5,73.153686
1620,73.170471
1620.5,73.179626
1621,73.175048
1621.5,73.234558
1622,73.461914
1622.5,73.77777
1623,73.908996
1623.5,73.614501
1624,73.338317
1624.5,73.214721
1625,73.146057
1625.5,73.123168
1626,73.200988
1626.5,73.35968
1627,73.55194
1627.5,73.53363
1628,73.35968
1628.5,73.222351
1629,73.15979
1629.5,73.132324
1630,73.121643
1630.5,73.094177
1631,73.051452
1631.5,73.007202
1632,72.975158
1632.5,72.955322
1633,72.981262
1633.5,73.1781
1634,73.643493
1634.5,74.285888
1635,74.583435
1635.5,73.988342
1636,73.556518
1636.5,73.570251
1637,73.490905
1637.5,73.30017
1638,73.13385
1638.5,73.078918
1639,73.066711
1639.5,73.080444
1640,73.085021
1640.5,73.062133
1641,73.03009
1641.5,73.017883
1642,72.988891
1642.5,72.940063
1643,72.903442
1643.5,72.892761
1644,72.959899
1644.5,73.211669
1645,73.61145
1645.5,73.854064
1646,73.739624
1646.5,73.735046
1647,73.7854
1647.5,73.73352
1648,73.498535
1648.5,73.220825
1649,73.042297
1649.5,72.943115
1650,72.886657
1650.5,73.008728
1651,73.350524
1651.5,74.006652
1652,74.803161
1652.5,75.482177
1653,75.036621
1653.5,74.48883
1654,74.113464
1654.5,73.602294
1655,73.265075
1655.5,73.135375
1656,73.052978
1656.5,73.025512
1657,73.020935
1657.5,73.023986
1658,72.984313
1658.5,72.941589
1659,72.930908
1659.5,72.932434
1660,72.943115
1660.5,72.973632
1661,73.077392
1661.5,73.294067
1662,73.519897
1662.5,73.497009
1663,73.237609
1663.5,73.046875
1664,72.959899
1664.5,72.933959
1665,72.917175
1665.5,72.866821
1666,72.845458
1666.5,72.860717
1667,72.940063
1667.5,73.135375
1668,73.466491
1668.5,73.826599
1669,73.745727
1669.5,73.355102
1670,73.246765
1670.5,73.335266
1671,73.362731
1671.5,73.200988
1672,72.985839
1672.5,72.865295
1673,72.877502
1673.5,73.037719
1674,73.440551
1674.5,73.902893
1675,73.910522
1675.5,73.393249
1676,73.097229
1676.5,72.961425
1677,72.904968
1677.5,72.863769
1678,72.895812
1678.5,72.991943
1679,73.129272
1679.5,73.188781
1680,73.132324
1680.5,72.972106
1681,72.898864
1681.5,72.970581
1682,73.249816
1682.5,73.640441
1683,74.153137
1683.5,74.763488
1684,74.99237
1684.5,74.328613
1685,73.406982
1685.5,73.168945
1686,73.115539
1686.5,73.059082
1687,73.098754
1687.5,73.1781
1688,73.207092
1688.5,73.182678
1689,73.210144
1689.5,73.243713
1690,73.194885
1690.5,73.078918
1691,72.985839
1691.5,72.918701
1692,72.868347
1692.5,72.813415
1693,72.817993
1693.5,72.880554
1694,73.139953
1694.5,73.641967
1695,74.221801
1695.5,74.198913
1696,73.527526
1696.5,73.257446
1697,73.132324
1697.5,72.993469
1698,73.060607
1698.5,73.4375
1699,74.157714
1699.5,75.076293
1700,75.378417
1700.5,74.253845
1701,73.442077
1701.5,73.153686
1702,72.991943
1702.5,72.981262
1703,73.078918
1703.5,73.237609
1704,73.258972
1704.5,73.188781
1705,73.271179
1705.5,73.432922
1706,73.402404
1706.5,73.193359
1707,73.028564
1707.5,72.938537
1708,72.891235
1708.5,72.906494
1709,72.958374
1709.5,73.019409
1710,73.017883
1710.5,72.949218
1711,72.872924
1711.5,72.827148
1712,72.8302
1712.5,72.883605
1713,73.014831
1713.5,73.181152
1714,73.335266
1714.5,73.355102
1715,73.129272
1715.5,73.052978
1716,73.260498
1716.5,73.646545
1717,73.872375
1717.5,73.934936
1718,73.886108
1718.5,73.518371
1719,73.124694
1719.5,72.962951
1720,72.862243
1720.5,72.842407
1721,72.827148
1721.5,72.837829
1722,72.857666
1722.5,72.933959
1723,72.915649
1723.5,72.845458
1724,72.810363
1724.5,72.792053
1725,72.782897
1725.5,72.761535
1726,72.723388
1726.5,72.712707
1727,72.709655
1727.5,72.711181
1728,72.767639
1728.5,72.888183
1729,73.028564
1729.5,73.086547
1730,72.95227
1730.5,72.761535
1731,72.695922
1731.5,72.792053
1732,73.028564
1732.5,73.405456
1733,73.741149
1733.5,74.11499
1734,74.073791
1734.5,73.48175
1735,73.040771
1735.5,72.863769
1736,72.747802
1736.5,72.695922
1737,72.666931
1737.5,72.689819
1738,72.802734
1738.5,73.039245
1739,73.297119
1739.5,73.268127
1740,72.95227
1740.5,72.763061
1741,72.72644
1741.5,72.749328
1742,72.846984
1742.5,72.940063
1743,72.955322
1743.5,72.877502
1744,72.795104
1744.5,72.727966
1745,72.738647
1745.5,72.749328
1746,72.824096
1746.5,72.901916
1747,72.967529
1747.5,73.042297
1748,73.110961
1748.5,73.062133
1749,72.969055
1749.5,72.987365
1750,73.182678
1750.5,73.367309
1751,73.292541
1751.5,73.02246
1752,72.845458
1752.5,72.738647
1753,72.668457
1753.5,72.631835
1754,72.613525
1754.5,72.608947
1755,72.673034
1755.5,72.857666
1756,73.049926
1756.5,73.002624
1757,72.860717
1757.5,72.787475
1758,72.75238
1758.5,72.702026
1759,72.677612
1759.5,72.642517
1760,72.717285
1760.5,72.944641
1761,73.188781
1761.5,73.161315
1762,72.944641
1762.5,72.789001
1763,72.743225
1763.5,72.695922
1764,72.654724
1764.5,72.642517
1765,72.660827
1765.5,72.640991
1766,72.640991
1766.5,72.763061
1767,72.991943
1767.5,73.115539
1768,72.97821
1768.5,72.766113
1769,72.636413
1769.5,72.659301
1770,72.84851
1770.5,73.10791
1771,73.295593
1771.5,73.518371
1772,73.590087
1772.5,73.263549
1773,72.90802
1773.5,72.831726
1774,72.82257
1774.5,72.872924
1775,72.901916
1775.5,72.840881
1776,72.746276
1776.5,72.673034
1777,72.657775
1777.5,72.665405
1778,72.665405
1778.5,72.682189
1779,72.74475
1779.5,72.85614
1780,72.938537
1780.5,72.914123
1781,72.810363
1781.5,72.709655
1782,72.662353
1782.5,72.650146
1783,72.631835
1783.5,72.711181
1784,72.842407
1784.5,72.868347
1785,72.755432
1785.5,72.686767
1786,72.621154
1786.5,72.593688
1787,72.563171
1787.5,72.573852
1788,72.572326
1788.5,72.5708
1789,72.57843
1789.5,72.662353
1790,72.784423
1790.5,72.877502
1791,72.973632
1791.5,73.200988
1792,73.323059
1792.5,73.153686
1793,72.90802
1793.5,72.758483
1794,72.682189
1794.5,72.686767
1795,72.735595
1795.5,72.767639
1796,72.720336
1796.5,72.637939
1797,72.584533
1797.5,72.586059
1798,72.653198
1798.5,72.790527
1799,72.871398
1799.5,72.862243
1800,72.824096
1800.5,72.824096
1801,72.819519
1801.5,72.857666
1802,72.8302
1802.5,72.747802
1803,72.685241
1803.5,72.640991
1804,72.601318
1804.5,72.586059
1805,72.576904
1805.5,72.583007
1806,72.599792
1806.5,72.636413
1807,72.645568
1807.5,72.610473
1808,72.566223
1808.5,72.558593
1809,72.640991
1809.5,72.77069
1810,72.833251
1810.5,72.787475
1811,72.74475
1811.5,72.688293
1812,72.634887
1812.5,72.590637
1813,72.583007
1813.5,72.5708
1814,72.566223
1814.5,72.549438
1815,72.529602
1815.5,72.531127
1816,72.5708
1816.5,72.605895
1817,72.616577
1817.5,72.616577
1818,72.576904
1818.5,72.541809
1819,72.549438
1819.5,72.549438
1820,72.51892
1820.5,72.49298
1821,72.494506
1821.5,72.488403
1822,72.473144
1822.5,72.451782
1823,72.482299
1823.5,72.593688
1824,72.802734
1824.5,72.941589
1825,72.880554
1825.5,72.698974
1826,72.567749
1826.5,72.483825
1827,72.477722
1827.5,72.514343
1828,72.666931
1828.5,72.854614
1829,73.057556
1829.5,73.109436
1830,72.944641
1830.5,72.735595
1831,72.618103
1831.5,72.540283
1832,72.509765
1832.5,72.508239
1833,72.494506
1833.5,72.471618
1834,72.454833
1834.5,72.425842
1835,72.419738
1835.5,72.442626
1836,72.471618
1836.5,72.457885
1837,72.404479
1837.5,72.398376
1838,72.438049
1838.5,72.445678
1839,72.431945
1839.5,72.425842
1840,72.410583
1840.5,72.39685
1841,72.404479
1841.5,72.418212
1842,72.470092
1842.5,72.602844
1843,72.872924
1843.5,73.109436
1844,73.054504
1844.5,72.77069
1845,72.57843
1845.5,72.483825
1846,72.44873
1846.5,72.485351
1847,72.549438
1847.5,72.537231
1848,72.471618
1848.5,72.387695
1849,72.29309
1849.5,72.239685
1850,72.232055
1850.5,72.184753
1851,72.035217
1851.5,71.926879
1852,72.01538
1852.5,72.238159
1853,72.349548
1853.5,72.372436
1854,72.361755
1854.5,72.363281
1855,72.358703
1855.5,72.360229
1856,72.340393
1856.5,72.31903
1857,72.32666
1857.5,72.363281
1858,72.380065
1858.5,72.383117
1859,72.387695
1859.5,72.373962
1860,72.349548
1860.5,72.320556
1861,72.288513
1861.5,72.268676
1862,72.235107
1862.5,72.138977
1863,71.975708
1863.5,71.842956
1864,71.861267
1864.5,71.882629
1865,71.649169
1865.5,71.318054
1866,71.289062
1866.5,71.890258
1867,72.421264
1867.5,72.601318
1868,72.709655
1868.5,72.773742
1869,72.654724
1869.5,72.502136
1870,72.402954
1870.5,72.34497
1871,72.308349
1871.5,72.297668
1872,72.262573
1872.5,72.239685
1873,72.253417
1873.5,72.264099
1874,72.242736
1874.5,72.233581
1875,72.204589
1875.5,72.142028
1876,72.019958
1876.5,71.806335
1877,71.513366
1877.5,71.247863
1878,71.298217
1878.5,71.359252
1879,70.880126
1879.5,70.088195
1880,69.819641
1880.5,70.796203
1881,71.875
1881.5,72.160339
1882,72.184753
1882.5,72.181701
1883,72.184753
1883.5,72.21527
1884,72.229003
1884.5,72.204589
1885,72.17102
1885.5,72.148132
1886,72.140502
1886.5,72.137451
1887,72.131347
1887.5,72.148132
1888,72.219848
1888.5,72.315979
1889,72.282409
1889.5,72.052001
1890,71.652221
1890.5,71.073913
1891,70.390319
1891.5,69.978332
1892,70.27893
1892.5,70.26062
1893,69.100952
1893.5,67.570495
1894,67.449951
1894.5,69.728088
1895,71.682739
1895.5,72.038269
1896,72.055053
1896.5,72.071838
1897,72.076416
1897.5,72.053527
1898,72.053527
1898.5,72.04895
1899,72.044372
1899.5,72.036743
1900,72.032165
1900.5,72.033691
1901,72.027587
1901.5,71.987915
1902,71.931457
1902.5,71.844482
1903,71.64154
1903.5,71.200561
1904,70.396423
1904.5,69.166564
1905,68.011474
1905.5,68.150329
1906,68.882751
1906.5,67.756652
1907,65.133666
1907.5,63.285827
1908,65.447998
1908.5,69.78302
1909,71.652221
1909.5,71.905517
1910,71.969604
1910.5,71.937561
1911,71.931457
1911.5,71.94519
1912,71.951293
1912.5,71.94519
1913,71.937561
1913.5,71.929931
1914,71.908569
1914.5,71.855163
1915,71.79718
1915.5,71.730041
1916,71.607971
1916.5,71.347045
1917,70.669555
1917.5,69.059753
1918,66.491699
1918.5,64.430236
1919,64.944458
1919.5,66.549682
1920,65.237426
1920.5,61.257934
1921,57.945251
1921.5,60.249328
1922,67.100524
1922.5,70.957946
1923,71.620178
1923.5,71.73767
1924,71.760559
1924.5,71.766662
1925,71.775817
1925.5,71.777343
1926,71.766662
1926.5,71.7453
1927,71.726989
1927.5,71.69342
1928,71.624755
1928.5,71.517944
1929,71.333312
1929.5,70.957946
1930,70.191955
1930.5,68.656921
1931,65.956115
1931.5,62.3703
1932,59.918212
1932.5,61.523437
1933,63.519287
1933.5,60.575866
1934,54.826354
1934.5,51.689147
1935,56.948852
1935.5,65.969848
1936,70.112609
1936.5,70.968627
1937,71.226501
1937.5,71.360778
1938,71.426391
1938.5,71.440124
1939,71.424865
1939.5,71.41571
1940,71.397399
1940.5,71.379089
1941,71.374511
1941.5,71.34552
1942,71.11206
1942.5,70.532226
1943,69.476318
1943.5,67.597961
1944,64.25476
1944.5,59.385681
1945,54.844665
1945.5,55.149841
1946,59.004211
1946.5,57.914733
1947,51.319885
1947.5,45.179748
1948,47.154235
1948.5,58.023071
1949,66.769409
1949.5,69.573974
1950,70.3125
1950.5,70.632934
1951,70.812988
1951.5,70.892333
1952,70.916748
1952.5,70.916748
1953,70.895385
1953.5,70.794677
1954,70.629882
1954.5,70.42694
1955,70.057678
1955.5,69.303894
1956,67.877197
1956.5,65.144348
1957,60.334777
1957.5,53.688049
1958,47.854614
1958.5,48.396301
1959,53.42102
1959.5,52.589416
1960,44.941711
1960.5,37.680053
1961,39.523315
1961.5,51.67694
1962,62.808227
1962.5,67.344665
1963,68.79425
1963.5,69.407653
1964,69.732666
1964.5,69.883728
1965,69.967651
1965.5,69.992065
1966,69.955444
1966.5,69.834899
1967,69.589233
1967.5,69.129943
1968,68.373107
1968.5,67.022705
1969,64.495849
1969.5,59.861755
1970,52.655029
1970.5,44.232177
1971,39.617919
1971.5,43.298339
1972,47.645568
1972.5,43.484497
1973,34.294128
1973.5,29.17633
1974,35.50415
1974.5,49.607849
1975,60.456848
1975.5,65.129089
1976,66.949462
1976.5,67.803955
1977,68.249511
1977.5,68.484497
1978,68.588256
1978.5,68.571472
1979,68.432617
1979.5,68.113708
1980,67.601013
1980.5,66.700744
1981,65.072631
1981.5,62.139892
1982,56.976318
1982.5,48.960876
1983,39.224243
1983.5,32.438659
1984,34.254455
1984.5,39.76593
1985,38.011169
1985.5,29.330444
1986,22.512817
1986.5,25.485229
1987,38.087463
1987.5,51.644897
1988,59.770202
1988.5,63.424682
1989,65.110778
1989.5,65.977478
1990,66.50238
1990.5,66.787719
1991,66.838073
1991.5,66.645812
1992,66.184997
1992.5,65.373229
1993,64.006042
1993.5,61.697387
1994,57.728576
1994.5,51.086425
1995,41.497802
1995.5,30.981445
1996,25.112915
1996.5,27.882385
1997,32.546997
1997.5,29.850769
1998,21.643066
1998.5,16.534423
1999,20.698547
1999.5,32.833862
2000,46.08612
2000.5,55.050659
2001,59.648132
2001.5,61.972045
2002,63.253784
2002.5,63.934326
2003,64.227294
2003.5,64.215087
2004,63.874816
2004.5,63.15155
2005,61.872863
2005.5,59.69696
2006,56.013488
2006.5,49.897766
2007,40.768432
2007.5,29.708862
2008,20.933532
2008.5,19.760131
2009,24.348449
2009.5,25.520324
2010,19.877624
2010.5,13.389587
2011,13.090515
2011.5,20.81604
2012,33.273315
2012.5,45.115661
2013,52.900695
2013.5,57.159423
2014,59.480285
2014.5,60.778808
2015,61.436462
2015.5,61.636352
2016,61.395263
2016.5,60.670471
2017,59.234619
2017.5,56.765747
2018,52.645874
2018.5,46.081542
2019,36.657714
2019.5,25.640869
2020,17.02423
2020.5,15.449523
2021,19.308471
2021.5,20.736694
2022,16.258239
2022.5,10.650634
2023,10.054016
2023.5,16.236877
2024,27.117919
2024.5,38.877868
2025,47.833251
2025.5,53.187561
2026,56.19812
2026.5,57.904052
2027,58.79364
2027.5,59.046936
2028,58.731079
2028.5,57.791137
2029,55.973815
2029.5,52.854919
2030,47.764587
2030.5,40.040588
2031,29.829406
2031.5,19.400024
2032,13.253784
2032.5,14.13269
2033,17.686462
2033.5,17.132568
2034,12.135314
2034.5,8.232116
2035,9.79309
2035.5,17.045593
2036,27.908325
2036.5,38.967895
2037,47.116088
2037.5,52.03247
2038,54.86145
2038.5,56.402587
2039,57.107543
2039.5,57.162475
2040,56.535339
2040.5,55.043029
2041,52.294921
2041.5,47.697448
2042,40.687561
2042.5,31.184387
2043,20.779418
2043.5,13.548278
2044,13.049316
2044.5,16.644287
2045,17.48352
2045.5,13.317871
2046,8.630371
2046.5,8.512878
2047,14.186096
2047.5,24.10736
2048,35.417175
2048.5,44.573974
2049,50.346374
2049.5,53.700256
2050,55.580139
2050.5,56.507873
2051,56.695556
2051.5,56.149291
2052,54.704284
2052.5,51.960754
2053,47.337341
2053.5,40.216064
2054,30.665588
2054.5,20.657348
2055,14.624023
2055.5,15.657043
2056,19.714355
2056.5,19.595336
2057,14.445495
2057.5,9.602355
2058,10.118103
2058.5,16.912841
2059,27.850341
2059.5,39.385986
2060,48.013305
2060.5,53.115844
2061,55.995178
2061.5,57.571411
2062,58.293151
2062.5,58.314514
2063,57.565307
2063.5,55.831909
2064,52.606201
2064.5,47.103881
2065,38.874816
2065.5,28.956604
2066,20.858764
2066.5,19.425964
2067,24.121093
2067.5,26.686096
2068,22.419738
2068.5,15.341186
2069,12.124633
2069.5,16.50238
2070,27.149963
2070.5,39.590454
2071,49.224853
2071.5,54.80957
2072,57.742309
2072.5,59.292602
2073,60.083007
2073.5,60.289001
2074,59.936523
2074.5,58.807373
2075,56.521606
2075.5,52.391052
2076,45.780944
2076.5,37.301635
2077,30.126953
2077.5,29.586791
2078,35.35614
2078.5,38.02185
2079,32.821655
2079.5,24.368286
2080,19.604492
2080.5,23.893737
2081,36.068725
2081.5,48.745727
2082,56.608581
2082.5,60.342407
2083,62.220764
2083.5,63.333129
2084,64.027404
2084.5,64.518737
2085,64.860534
2085.5,65.127563
2086,65.364074
2086.5,65.562438
2087,65.753173
2087.5,65.962219
2088,66.136169
2088.5,66.267395
2089,66.386413
2089.5,66.484069
2090,66.558837
2090.5,66.601562
2091,66.607666
2091.5,66.581726
2092,66.540527
2092.5,66.467285
2093,66.322326
2093.5,66.099548
2094,65.769958
2094.5,65.283203
2095,64.543151
2095.5,63.368225
2096,61.344909
2096.5,57.936096
2097,52.323913
2097.5,44.230651
2098,35.267639
2098.5,29.869079
2099,32.614135
2099.5,38.775634
2100,38.42163
2100.5,31.044006
2101,22.517395
2101.5,19.491577
2102,26.011657
2102.5,38.661193
2103,49.902343
2103.5,56.167602
2104,58.872985
2104.5,59.938049
2105,60.063171
2105.5,59.342956
2106,57.597351
2106.5,54.374694
2107,48.956298
2107.5,40.849304
2108,30.836486
2108.5,22.103881
2109,19.717407
2109.5,24.334716
2110,28.242492
2110.5,25.282287
2111,17.907714
2111.5,12.329101
2112,13.407897
2112.5,21.438598
2113,32.998657
2113.5,43.540954
2114,50.2182
2114.5,53.57666
2115,54.917907
2115.5,54.847717
2116,53.410339
2116.5,50.263977
2117,44.828796
2117.5,36.767578
2118,26.829528
2118.5,17.945861
2119,14.633178
2119.5,17.877197
2120,21.777343
2120.5,20.318603
2121,14.399719
2121.5,9.350585
2122,9.51538
2122.5,15.478515
2123,25.294494
2123.5,35.858154
2124,43.884277
2124.5,48.464965
2125,50.509643
2125.5,50.694274
2126,49.092102
2126.5,45.42694
2127,39.23645
2127.5,30.549621
2128,20.889282
2128.5,13.868713
2129,13.035583
2129.5,16.906738
2130,19.239807
2130.5,16.32843
2131,10.742187
2131.5,7.525634
2132,9.452819
2132.5,16.148376
2133,25.856018
2133.5,35.778808
2134,43.03894
2134.5,46.990966
2135,48.432922
2135.5,47.802734
2136,45.007324
2136.5,39.671325
2137,31.752014
2137.5,22.398376
2138,14.759826
2138.5,12.745666
2139,16.194152
2139.5,19.410705
2140,17.619323
2140.5,12.18872
2141,8.026123
2141.5,8.679199
2142,14.427185
2142.5,23.68927
2143,33.917236
2143.5,41.938781
2144,46.522521
2144.5,48.222351
2145,47.592163
2145.5,44.647216
2146,39.050292
2146.5,30.882263
2147,21.754455
2147.5,15.394592
2148,15.425109
2148.5,20.022583
2149,22.37091
2149.5,18.920898
2150,12.7182
2150.5,8.996582
2151,11.001586
2151.5,18.391418
2152,28.860473
2152.5,39.086914
2153,46.075439
2153.5,49.438476
2154,50.071716
2154.5,48.310852
2155,43.855285
2155.5,36.618041
2156,27.673339
2156.5,20.181274
2157,18.751525
2157.5,23.626708
2158,27.66571
2158.5,25.228881
2159,18.331909
2159.5,12.486267
2160,12.394714
2160.5,19.16809
2161,30.253601
2161.5,41.369628
2162,48.901367
2162.5,52.427673
2163,53.036499
2163.5,51.185607
2164,46.655273
2164.5,39.414978
2165,30.810546
2165.5,24.499511
2166,25.25177
2166.5,31.689453
2167,34.770202
2167.5,30.322265
2168,22.198486
2168.5,16.171264
2169,17.294311
2169.5,26.325988
2170,38.905334
2170.5,49.308776
2171,54.88739
2171.5,56.706237
2172,56.018066
2172.5,52.857971
2173,47.019958
2173.5,39.237976
2174,32.232666
2174.5,31.199645
2175,37.507629
2175.5,42.530822
2176,39.625549
2176.5,31.481933
2177,23.431396
2177.5,21.377563
2178,28.800964
2178.5,41.880798
2179,52.931213
2179.5,58.493041
2180,60.10437
2180.5,59.332275
2181,56.277465
2181.5,50.857543
2182,43.925476
2182.5,38.497924
2183,39.668273
2183.5,46.751403
2184,49.99237
2184.5,45.428466
2185,37.026977
2185.5,29.423522
2186,28.59497
2186.5,37.844848
2187,51.091003
2187.5,59.74884
2188,62.786865
2188.5,62.937927
2189,61.108398
2189.5,57.191467
2190,51.693725
2190.5,46.499633
2191,45.858764
2191.5,51.840209
2192,56.285095
2192.5,53.601074
2193,46.548461
2193.5,38.771057
2194,35.162353
2194.5,41.183471
2195,53.648376
2195.5,62.403869
2196,65.170288
2196.5,65.145874
2197,63.424682
2197.5,60.090637
2198,55.726623
2198.5,52.183532
2199,53.410339
2199.5,58.880615
2200,61.03363
2200.5,57.453918
2201,51.126098
2201.5,44.718933
2202,42.871093
2202.5,50.209045
2203,60.881042
2203.5,66.22467
2204,67.079162
2204.5,66.181945
2205,64.065551
2205.5,61.053466
2206,58.195495
2206.5,58.158874
2207,62.124633
2207.5,64.535522
2208,62.408447
2208.5,57.836914
2209,52.493286
2209.5,49.525451
2210,53.666687
2210.5,62.525939
2211,67.52777
2211.5,68.171691
2212,67.445373
2212.5,65.899658
2213,63.853454
2213.5,62.321472
2214,63.359069
2214.5,66.101074
2215,66.593933
2215.5,64.300537
2216,60.65979
2216.5,56.863403
2217,55.725097
2217.5,60.589599
2218,66.865539
2218.5,69.030761
2219,68.84613
2219.5,67.999267
2220,66.836547
2220.5,65.835571
2221,66.174316
2221.5,67.820739
2222,68.31665
2222.5,66.946411
2223,64.627075
2223.5,61.990356
2224,60.702514
2224.5,63.319396
2225,67.796325
2225.5,69.631958
2226,69.485473
2226.5,68.978881
2227,68.331909
2227.5,68.008422
2228,68.601989
2228.5,69.338989
2229,69.085693
2229.5,67.996215
2230,66.490173
2230.5,65.0177
2231,64.956665
2231.5,67.401123
2232,69.622802
2232.5,70.00885
2233,69.781494
2233.5,69.517517
2234,69.354248
2234.5,69.580078
2235,69.953918
2235.5,69.833374
2236,69.273376
2236.5,68.487548
2237,67.710876
2237.5,67.611694
2238,68.817138
2238.5,70.043945
2239,70.28656
2239.5,70.161437
2240,70.033264
2240.5,70.048522
2241,70.248413
2241.5,70.3125
2242,70.132446
2242.5,69.819641
2243,69.444274
2243.5,69.148254
2244,69.389343
2244.5,70.07904
2245,70.404052
2245.5,70.387268
2246,70.338439
2246.5,70.361328
2247,70.448303
2247.5,70.45288
2248,70.368957
2248.5,70.246887
2249,70.088195
2249.5,69.960021
2250,70.056152
2250.5,70.333862
2251,70.469665
2251.5,70.448303
2252,70.431518
2252.5,70.480346
2253,70.50476
2253.5,70.46051
2254,70.422363
2254.5,70.401
2255,70.320129
2255.5,70.262145
2256,70.346069
2256.5,70.45288
2257,70.454406
2257.5,70.419311
2258,70.440673
2258.5,70.481872
2259,70.451354
2259.5,70.419311
2260,70.407104
2260.5,70.381164
2261,70.359802
2261.5,70.411682
2262,70.463562
2262.5,70.463562
2263,70.425415
2263.5,70.416259
2264,70.43457
2264.5,70.417785
2265,70.393371
2265.5,70.416259
2266,70.429992
2266.5,70.40863
2267,70.405578
2267.5,70.431518
2268,70.425415
2268.5,70.393371
2269,70.42694
2269.5,70.462036
2270,70.407104
2270.5,70.379638
2271,70.414733
2271.5,70.410156
2272,70.38269
2272.5,70.417785
2273,70.454406
2273.5,70.414733
2274,70.402526
2274.5,70.445251
2275,70.437622
2275.5,70.40863
2276,70.410156
2276.5,70.422363
2277,70.40863
2277.5,70.417785
2278,70.449829
2278.5,70.463562
2279,70.449829
2279.5,70.449829
2280,70.458984
2280.5,70.469665
2281,70.483398
2281.5,70.501708
2282,70.518493
2282.5,70.520019
2283,70.532226
2283.5,70.529174
2284,70.500183
2284.5,70.472717
2285,70.440673
2285.5,70.416259
2286,70.401
2286.5,70.385742
2287,70.350646
2287.5,70.346069
2288,70.344543
2288.5,70.309448
2289,70.266723
2289.5,70.269775
2290,70.256042
2290.5,70.220947
2291,70.176696
2291.5,70.117187
2292,70.117187
2292.5,70.166015
2293,70.114135
2293.5,70.016479
2294,70.00885
2294.5,70.036315
2295,70.031738
2295.5,69.955444
2296,69.863891
2296.5,69.891357
2297,69.929504
2297.5,69.857788
2298,69.781494
2298.5,69.743347
2299,69.799804
2299.5,69.799804
2300,69.664001
2300.5,69.5755
2301,69.630432
2301.5,69.699096
2302,69.599914
2302.5,69.407653
2303,69.404602
2303.5,69.508361
2304,69.433593
2304.5,69.236755
2305,69.140625
2305.5,69.250488
2306,69.256591
2306.5,68.99414
2307,68.785095
2307.5,68.896484
2308,69.024658
2308.5,68.788146
2309,68.441772
2309.5,68.530273
2310,68.746948
2310.5,68.521118
2311,68.11676
2311.5,68.188476
2312,68.528747
2312.5,68.377685
2313,67.912292
2313.5,67.889404
2314,68.240356
2314.5,68.154907
2315,67.738342
2315.5,67.669677
2316,67.947387
2316.5,67.849731
2317,67.366027
2317.5,67.233276
2318,67.530822
2318.5,67.417907
2319,66.799926
2319.5,66.629028
2320,67.063903
2320.5,66.966247
2321,66.273498
2321.5,66.223144
2322,66.714477
2322.5,66.497802
2323,65.872192
2323.5,66.062927
2324,66.439819
2324.5,66.065979
2325,65.608215
2325.5,65.924072
2326,66.105651
2326.5,65.620422
2327,65.28778
2327.5,65.673828
2328,65.805053
2328.5,65.246582
2329,65.049743
2329.5,65.533447
2330,65.475463
2330.5,64.886474
2331,65.072631
2331.5,65.544128
2332,65.245056
2332.5,64.875793
2333,65.29541
2333.5,65.473937
2334,65.052795
2334.5,65.080261
2335,65.484619
2335.5,65.167236
2336,64.675903
2336.5,65.034484
2337,65.24353
2337.5,64.863586
2338,64.924621
2338.5,65.359497
2339,65.122985
2339.5,64.76593
2340,65.092468
2340.5,65.171813
2341,64.825439
2341.5,65.051269
2342,65.303039
2342.5,65.045166
2343,65.101623
2343.5,65.528869
2344,65.52124
2344.5,65.467834
2345,65.86914
2345.5,66.061401
2346,66.064453
2346.5,66.459655
2347,66.75415
2347.5,66.743469
2348,66.984558
2348.5,67.369079
2349,67.341613
2349.5,66.870117
2350,66.39862
2350.5,66.288757
2351,66.026306
2351.5,65.46173
2352,65.330505
2352.5,65.211486
2353,64.804077
2353.5,64.68048
2354,64.503479
2354.5,64.071655
2355,64.013671
2355.5,63.917541
2356,63.574218
2356.5,63.580322
2357,63.42926
2357.5,63.093566
2358,63.154602
2358.5,63.127136
2359,62.916564
2359.5,62.887573
2360,62.750244
2360.5,62.800598
2361,62.930297
2361.5,62.825012
2362,62.911987
2362.5,62.907409
2363,62.907409
2363.5,63.165283
2364,63.160705
2364.5,63.183593
2365,63.264465
2365.5,63.298034
2366,63.557434
2366.5,63.719177
2367,63.876342
2367.5,64.115905
2368,64.227294
2368.5,64.442443
2369,64.598083
2369.5,64.787292
2370,65.022277
2370.5,65.222167
2371,65.557861
2371.5,65.81726
2372,66.065979
2372.5,66.288757
2373,66.491699
2373.5,66.734313
2374,66.976928
2374.5,67.253112
2375,67.480468
2375.5,67.713928
2376,67.904663
2376.5,68.112182
2377,68.313598
2377.5,68.513488
2378,68.679809
2378.5,68.875122
2379,69.067382
2379.5,69.239807
2380,69.407653
2380.5,69.558715
2381,69.692993
2381.5,69.834899
2382,69.970703
2382.5,70.089721
2383,70.162963
2383.5,70.213317
2384,70.292663
2384.5,70.358276
2385,70.394897
2385.5,70.458984
2386,70.494079
2386.5,70.506286
2387,70.536804
2387.5,70.558166
2388,70.579528
2388.5,70.594787
2389,70.591735
2389.5,70.603942
2390,70.617675
2390.5,70.616149
2391,70.594787
2391.5,70.591735
2392,70.616149
2392.5,70.613098
2393,70.600891
2393.5,70.597839
2394,70.605468
2394.5,70.610046
2395,70.610046
2395.5,70.610046
2396,70.605468
2396.5,70.599365
2397,70.613098
2397.5,70.619201
2398,70.610046
2398.5,70.594787
2399,70.600891
2399.5,70.614624
2400,70.620727
2400.5,70.617675
2401,70.619201
2401.5,70.616149
2402,70.596313
2402.5,70.605468
2403,70.639038
2403.5,70.655822
2404,70.642089
2404.5,70.623779
2405,70.620727
2405.5,70.60852
2406,70.611572
2406.5,70.628356
2407,70.629882
2407.5,70.620727
2408,70.602416
2408.5,70.602416
2409,70.617675
2409.5,70.635986
2410,70.640563
2410.5,70.619201
2411,70.60852
2411.5,70.603942
2412,70.605468
2412.5,70.610046
2413,70.616149
2413.5,70.597839
2414,70.597839
2414.5,70.637512
2415,70.646667
2415.5,70.637512
2416,70.631408
2416.5,70.619201
2417,70.602416
2417.5,70.596313
2418,70.605468
2418.5,70.614624
2419,70.626831
2419.5,70.599365
2420,70.571899
2420.5,70.584106
2421,70.594787
2421.5,70.603942
2422,70.606994
2422.5,70.622253
2423,70.622253
2423.5,70.611572
2424,70.591735
2424.5,70.585632
2425,70.596313
2425.5,70.616149
2426,70.610046
2426.5,70.594787
2427,70.590209
2427.5,70.579528
2428,70.602416
2428.5,70.619201
2429,70.613098
2429.5,70.596313
2430,70.593261
2430.5,70.623779
2431,70.629882
2431.5,70.605468
2432,70.600891
2432.5,70.616149
2433,70.623779
2433.5,70.614624
2434,70.581054
2434.5,70.561218
2435,70.585632
2435.5,70.593261
2436,70.562744
2436.5,70.584106
2437,70.602416
2437.5,70.596313
2438,70.587158
2438.5,70.581054
2439,70.591735
2439.5,70.596313
2440,70.593261
2440.5,70.599365
2441,70.591735
2441.5,70.594787
2442,70.596313
2442.5,70.576477
2443,70.562744
2443.5,70.574951
2444,70.587158
2444.5,70.574951
2445,70.574951
2445.5,70.58258
2446,70.578002
2446.5,70.570373
2447,70.573425
2447.5,70.581054
2448,70.579528
2448.5,70.568847
2449,70.561218
2449.5,70.565795
2450,70.579528
2450.5,70.597839
2451,70.581054
2451.5,70.56427
2452,70.568847
2452.5,70.573425
2453,70.579528
2453.5,70.562744
2454,70.544433
2454.5,70.547485
2455,70.53833
2455.5,70.533752
2456,70.55664
2456.5,70.570373
2457,70.570373
2457.5,70.562744
2458,70.555114
2458.5,70.558166
2459,70.539855
2459.5,70.515441
2460,70.532226
2460.5,70.555114
2461,70.532226
2461.5,70.5307
2462,70.550537
2462.5,70.550537
2463,70.532226
2463.5,70.529174
2464,70.523071
2464.5,70.515441
2465,70.541381
2465.5,70.567321
2466,70.55664
2466.5,70.529174
2467,70.503234
2467.5,70.513916
2468,70.536804
2468.5,70.535278
2469,70.535278
2469.5,70.545959
2470,70.547485
2470.5,70.5307
2471,70.520019
2471.5,70.541381
2472,70.53833
2472.5,70.521545
2473,70.524597
2473.5,70.516967
2474,70.520019
2474.5,70.506286
2475,70.495605
2475.5,70.518493
2476,70.533752
2476.5,70.526123
2477,70.5307
2477.5,70.529174
2478,70.515441
2478.5,70.50476
2479,70.503234
2479.5,70.503234
2480,70.513916
2480.5,70.501708
2481,70.477294
2481.5,70.47882
2482,70.500183
2482.5,70.513916
2483,70.513916
2483.5,70.500183
2484,70.484924
2484.5,70.477294
2485,70.466613
2485.5,70.462036
2486,70.474243
2486.5,70.500183
2487,70.501708
2487.5,70.501708
2488,70.516967
2488.5,70.495605
2489,70.469665
2489.5,70.471191
2490,70.469665
2490.5,70.458984
2491,70.474243
2491.5,70.492553
2492,70.506286
2492.5,70.492553
2493,70.471191
2493.5,70.474243
2494,70.48645
2494.5,70.466613
2495,70.443725
2495.5,70.458984
2496,70.466613
2496.5,70.448303
2497,70.449829
2497.5,70.454406
2498,70.448303
2498.5,70.462036
2499,70.469665
2499.5,70.472717
2500,70.474243
2500.5,70.446777
2501,70.42694
2501.5,70.428466
2502,70.436096
2502.5,70.458984
2503,70.468139
2503.5,70.451354
2504,70.454406
2504.5,70.463562
2505,70.475769
2505.5,70.466613
2506,70.454406
2506.5,70.446777
2507,70.445251
2507.5,70.443725
2508,70.449829
2508.5,70.449829
2509,70.445251
2509.5,70.425415
2510,70.394897
2510.5,70.394897
2511,70.416259
2511.5,70.420837
2512,70.422363
2512.5,70.439147
2513,70.45288
2513.5,70.443725
2514,70.407104
2514.5,70.405578
2515,70.405578
2515.5,70.419311
2516,70.416259
2516.5,70.405578
2517,70.413208
2517.5,70.42694
2518,70.423889
2518.5,70.410156
2519,70.402526
2519.5,70.410156
2520,70.402526
2520.5,70.387268
2521,70.375061
2521.5,70.387268
2522,70.397949
2522.5,70.388793
2523,70.390319
2523.5,70.413208
2524,70.417785
2524.5,70.384216
2525,70.359802
2525.5,70.367431
2526,70.370483
2526.5,70.367431
2527,70.379638
2527.5,70.399475
2528,70.399475
2528.5,70.391845
2529,70.38269
2529.5,70.368957
2530,70.367431
2530.5,70.370483
2531,70.349121
2531.5,70.349121
2532,70.379638
2532.5,70.419311
2533,70.414733
2533.5,70.401
2534,70.397949
2534.5,70.404052
2535,70.399475
2535.5,70.378112
2536,70.346069
2536.5,70.355224
2537,70.405578
2537.5,70.407104
2538,70.370483
2538.5,70.370483
2539,70.375061
2539.5,70.358276
2540,70.349121
2540.5,70.343017
2541,70.339965
2541.5,70.329284
2542,70.326232
2542.5,70.335388
2543,70.327758
2543.5,70.324707
2544,70.339965
2544.5,70.35675
2545,70.362854
2545.5,70.353698
2546,70.379638
2546.5,70.429992
2547,70.439147
2547.5,70.42694
2548,70.40863
2548.5,70.402526
2549,70.396423
2549.5,70.385742
2550,70.378112
2550.5,70.381164
2551,70.365905
2551.5,70.35675
2552,70.378112
2552.5,70.373535
2553,70.358276
2553.5,70.352172
2554,70.347595
2554.5,70.361328
2555,70.379638
2555.5,70.375061
2556,70.355224
2556.5,70.327758
2557,70.329284
2557.5,70.339965
2558,70.361328
2558.5,70.378112
2559,70.367431
2559.5,70.362854
2560,70.372009
2560.5,70.376586
2561,70.372009
2561.5,70.375061
2562,70.378112
2562.5,70.347595
2563,70.336914
2563.5,70.364379
2564,70.393371
2564.5,70.402526
2565,70.384216
2565.5,70.355224
2566,70.335388
2566.5,70.324707
2567,70.339965
2567.5,70.379638
2568,70.404052
2568.5,70.378112
2569,70.320129
2569.5,70.292663
2570,70.295715
2570.5,70.288085
2571,70.298767
2571.5,70.288085
2572,70.254516
2572.5,70.292663
2573,70.349121
2573.5,70.329284
2574,70.323181
2574.5,70.350646
2575,70.373535
2575.5,70.376586
2576,70.368957
2576.5,70.353698
2577,70.341491
2577.5,70.353698
2578,70.353698
2578.5,70.341491
2579,70.358276
2579.5,70.368957
2580,70.341491
2580.5,70.333862
2581,70.359802
2581.5,70.368957
2582,70.362854
2582.5,70.355224
2583,70.352172
2583.5,70.349121
2584,70.344543
2584.5,70.300292
2585,70.289611
2585.5,70.310974
2586,70.33081
2586.5,70.339965
2587,70.327758
2587.5,70.309448
2588,70.309448
2588.5,70.321655
2589,70.343017
2589.5,70.355224
2590,70.355224
2590.5,70.350646
2591,70.341491
2591.5,70.336914
2592,70.318603
2592.5,70.298767
2593,70.292663
2593.5,70.292663
2594,70.294189
2594.5,70.291137
2595,70.297241
2595.5,70.289611
2596,70.248413
2596.5,70.207214
2597,70.166015
2597.5,70.121765
2598,70.082092
2598.5,70.042419
2599,69.984436
2599.5,70.046997
2600,70.231628
2600.5,70.329284
2601,70.361328
2601.5,70.355224
2602,70.298767
2602.5,70.298767
2603,70.317077
2603.5,70.303344
2604,70.274353
2604.5,70.274353
2605,70.283508
2605.5,70.28656
2606,70.27893
2606.5,70.251464
2607,70.262145
2607.5,70.301818
2608,70.320129
2608.5,70.314025
2609,70.30487
2609.5,70.306396
2610,70.297241
2610.5,70.292663
2611,70.30487
2611.5,70.320129
2612,70.309448
2612.5,70.294189
2613,70.285034
2613.5,70.266723
2614,70.243835
2614.5,70.245361
2615,70.272827
2615.5,70.317077
2616,70.338439
2616.5,70.314025
2617,70.272827
2617.5,70.249938
2618,70.25299
2618.5,70.271301
2619,70.27893
2619.5,70.257568
2620,70.223999
2620.5,70.20874
2621,70.199584
2621.5,70.170593
2622,70.111083
2622.5,70.040893
2623,69.937133
2623.5,69.779968
2624,69.573974
2624.5,69.461059
2625,69.403076
2625.5,69.262695
2626,69.296264
2626.5,69.767761
2627,70.15686
2627.5,70.23468
2628,70.222473
2628.5,70.228576
2629,70.233154
2629.5,70.240783
2630,70.228576
2630.5,70.219421
2631,70.225524
2631.5,70.222473
2632,70.228576
2632.5,70.259094
2633,70.268249
2633.5,70.259094
2634,70.240783
2634.5,70.220947
2635,70.196533
2635.5,70.161437
2636,70.166015
2636.5,70.158386
2637,70.132446
2637.5,70.132446
2638,70.15686
2638.5,70.178222
2639,70.211791
2639.5,70.259094
2640,70.27893
2640.5,70.240783
2641,70.190429
2641.5,70.196533
2642,70.222473
2642.5,70.23468
2643,70.219421
2643.5,70.191955
2644,70.187377
2644.5,70.20111
2645,70.20111
2645.5,70.162963
2646,70.109558
2646.5,70.060729
2647,69.993591
2647.5,69.911193
2648,69.825744
2648.5,69.665527
2649,69.381713
2649.5,69.00177
2650,68.539428
2650.5,68.167114
2651,68.070983
2651.5,67.906188
2652,67.704772
2652.5,68.345642
2653,69.564819
2653.5,70.103454
2654,70.143127
2654.5,70.141601
2655,70.14923
2655.5,70.155334
2656,70.146179
2656.5,70.121765
2657,70.088195
2657.5,70.050048
2658,70.014953
2658.5,70.025634
2659,70.068359
2659.5,70.106506
2660,70.118713
2660.5,70.123291
2661,70.13092
2661.5,70.135498
2662,70.133972
2662.5,70.138549
2663,70.13092
2663.5,70.082092
2664,70.054626
2664.5,70.062255
2665,70.098876
2665.5,70.109558
2666,70.103454
2666.5,70.068359
2667,70.025634
2667.5,69.984436
2668,69.969177
2668.5,69.924926
2669,69.868469
2669.5,69.860839
2670,69.912719
2670.5,69.94934
2671,69.989013
2671.5,69.989013
2672,69.9234
2672.5,69.831848
2673,69.754028
2673.5,69.624328
2674,69.354248
2674.5,68.865966
2675,68.130493
2675.5,67.196655
2676,66.191101
2676.5,65.615844
2677,65.367126
2677.5,64.781188
2678,64.93225
2678.5,67.027282
2679,68.984985
2679.5,69.444274
2680,69.416809
2680.5,69.407653
2681,69.551086
2681.5,69.82727
2682,70.013427
2682.5,70.045471
2683,70.046997
2683.5,70.050048
2684,70.037841
2684.5,70.042419
2685,70.065307
2685.5,70.108032
2686,70.117187
2686.5,70.072937
2687,70.00885
2687.5,69.94934
2688,69.877624
2688.5,69.786071
2689,69.702148
2689.5,69.651794
2690,69.604492
2690.5,69.564819
2691,69.490051
2691.5,69.372558
2692,69.306945
2692.5,69.409179
2693,69.638061
2693.5,69.85321
2694,69.955444
2694.5,69.973754
2695,69.932556
2695.5,69.860839
2696,69.792175
2696.5,69.747924
2697,69.717407
2697.5,69.641113
2698,69.461059
2698.5,69.125366
2699,68.591308
2699.5,67.750549
2700,66.516113
2700.5,64.949035
2701,63.174438
2701.5,61.909484
2702,61.671447
2702.5,61.228942
2703,60.575866
2703.5,62.495422
2704,66.551208
2704.5,68.789672
2705,69.126892
2705.5,69.17572
2706,69.264221
2706.5,69.435119
2707,69.676208
2707.5,69.810485
2708,69.822692
2708.5,69.779968
2709,69.725036
2709.5,69.662475
2710,69.526672
2710.5,69.360351
2711,69.212341
2711.5,69.146728
2712,69.17572
2712.5,69.236755
2713,69.409179
2713.5,69.638061
2714,69.744873
2714.5,69.779968
2715,69.837951
2715.5,69.869995
2716,69.841003
2716.5,69.795227
2717,69.747924
2717.5,69.682312
2718,69.606018
2718.5,69.560241
2719,69.480895
2719.5,69.314575
2720,69.143676
2720.5,69.047546
2721,68.89038
2721.5,68.640136
2722,68.356323
2722.5,68.060302
2723,67.808532
2723.5,67.488098
2724,66.647338
2724.5,65.078735
2725,62.960815
2725.5,60.415649
2726,58.020019
2726.5,57.250976
2727,57.347106
2727.5,56.297302
2728,56.629943
2728.5,61.436462
2729,66.864013
2729.5,68.948364
2730,69.242858
2730.5,69.268798
2731,69.203186
2731.5,69.073486
2732,68.86444
2732.5,68.576049
2733,68.331909
2733.5,68.283081
2734,68.521118
2734.5,68.896484
2735,69.195556
2735.5,69.459533
2736,69.631958
2736.5,69.656372
2737,69.602966
2737.5,69.5755
2738,69.633483
2738.5,69.718933
2739,69.746398
2739.5,69.699096
2740,69.641113
2740.5,69.583129
2741,69.488525
2741.5,69.357299
2742,69.213867
2742.5,69.084167
2743,69.058227
2743.5,69.171142
2744,69.259643
2744.5,69.274902
2745,69.281005
2745.5,69.152832
2746,68.878173
2746.5,68.426513
2747,67.819213
2747.5,66.943359
2748,65.657043
2748.5,63.714599
2749,60.949707
2749.5,57.50122
2750,53.855895
2750.5,51.628112
2751,51.744079
2751.5,51.18103
2752,50.059509
2752.5,53.431701
2753,61.035156
2753.5,66.418457
2754,68.078613
2754.5,68.554687
2755,68.881225
2755.5,69.178771
2756,69.358825
2756.5,69.4458
2757,69.500732
2757.5,69.50531
2758,69.502258
2758.5,69.476318
2759,69.439697
2759.5,69.363403
2760,69.282531
2760.5,69.235229
2761,69.258117
2761.5,69.25354
2762,69.213867
2762.5,69.104003
2763,69.018554
2763.5,68.974304
2764,68.99414
2764.5,69.100952
2765,69.252014
2765.5,69.316101
2766,69.346618
2766.5,69.358825
2767,69.369506
2767.5,69.319152
2768,69.166564
2768.5,68.943786
2769,68.692016
2769.5,68.435668
2770,68.107604
2770.5,67.55371
2771,66.566467
2771.5,64.949035
2772,62.443542
2772.5,58.969116
2773,54.623413
2773.5,49.760437
2774,45.758056
2774.5,44.972229
2775,45.190429
2775.5,44.006347
2776,45.622253
2776.5,53.321838
2777,61.862182
2777.5,65.776062
2778,66.696166
2778.5,66.885375
2779,66.944885
2779.5,67.152404
2780,67.707824
2780.5,68.196105
2781,68.270874
2781.5,68.106079
2782,67.842102
2782.5,67.572021
2783,67.485046
2783.5,67.724609
2784,68.077087
2784.5,68.199157
2785,68.203735
2785.5,68.33496
2786,68.577575
2786.5,68.763732
2787,68.849182
2787.5,68.853759
2788,68.806457
2788.5,68.791198
2789,68.774414
2789.5,68.756103
2790,68.760681
2790.5,68.753051
2791,68.678283
2791.5,68.522644
2792,68.336486
2792.5,68.077087
2793,67.642211
2793.5,66.920471
2794,65.821838
2794.5,64.105224
2795,61.428833
2795.5,57.637023
2796,52.819824
2796.5,47.288513
2797,42.254638
2797.5,40.489196
2798,41.087341
2798.5,40.179443
2799,40.258789
2799.5,46.566772
2800,56.681823
2800.5,63.615417
2801,66.386413
2801.5,67.454528
2802,68.043518
2802.5,68.41278
2803,68.643188
2803.5,68.757629
2804,68.858337
2804.5,68.922424
2805,68.957519
2805.5,68.983459
2806,68.9682
2806.5,68.955993
2807,68.943786
2807.5,68.893432
2808,68.824768
2808.5,68.740844
2809,68.719482
2809.5,68.76831
2810,68.789672
2810.5,68.759155
2811,68.743896
2811.5,68.740844
2812,68.743896
2812.5,68.72406
2813,68.624877
2813.5,68.486022
2814,68.312072
2814.5,68.119812
2815,67.778015
2815.5,67.227172
2816,66.445922
2816.5,65.344238
2817,63.612365
2817.5,60.881042
2818,56.913757
2818.5,51.870727
2819,46.075439
2819.5,40.625
2820,38.101196
2820.5,38.591003
2821,38.081359
2821.5,37.426757
2822,42.178344
2822.5,52.201843
2823,60.823059
2823.5,64.884948
2824,66.455078
2824.5,67.245483
2825,67.689514
2825.5,67.893981
2826,67.971801
2826.5,68.034362
2827,68.13507
2827.5,68.251037
2828,68.287658
2828.5,68.218994
2829,68.132019
2829.5,68.156433
2830,68.29071
2830.5,68.357849
2831,68.255615
2831.5,68.150329
2832,68.157958
2832.5,68.229675
2833,68.301391
2833.5,68.379211
2834,68.482971
2834.5,68.522644
2835,68.43872
2835.5,68.267822
2836,68.025207
2836.5,67.663574
2837,67.149353
2837.5,66.479492
2838,65.592956
2838.5,64.40277
2839,62.760925
2839.5,60.383605
2840,56.95343
2840.5,52.496337
2841,47.407531
2841.5,42.428588
2842,39.794921
2842.5,40.081787
2843,39.508056
2843.5,38.378906
2844,41.978454
2844.5,51.319885
2845,60.157775
2845.5,64.486694
2846,66.104125
2846.5,66.769409
2847,67.02423
2847.5,67.086791
2848,67.066955
2848.5,67.097473
2849,67.236328
2849.5,67.367553
2850,67.492675
2850.5,67.686462
2851,67.868041
2851.5,68.002319
2852,68.121337
2852.5,68.164062
2853,68.074035
2853.5,67.936706
2854,67.86499
2854.5,67.835998
2855,67.835998
2855.5,67.819213
2856,67.736816
2856.5,67.658996
2857,67.660522
2857.5,67.703247
2858,67.723083
2858.5,67.549133
2859,67.172241
2859.5,66.647338
2860,65.959167
2860.5,64.857482
2861,63.055419
2861.5,60.420227
2862,57.063293
2862.5,53.176879
2863,49.345397
2863.5,47.357177
2864,47.200012
2864.5,46.098327
2865,44.830322
2865.5,47.917175
2866,55.950927
2866.5,63.000488
2867,66.05072
2867.5,67.100524
2868,67.675781
2868.5,68.052673
2869,68.345642
2869.5,68.550109
2870,68.605041
2870.5,68.601989
2871,68.595886
2871.5,68.528747
2872,68.406677
2872.5,68.257141
2873,68.110656
2873.5,67.973327
2874,67.955017
2874.5,68.052673
2875,68.23883
2875.5,68.437194
2876,68.518066
2876.5,68.566894
2877,68.667602
2877.5,68.739318
2878,68.774414
2878.5,68.8385
2879,68.91632
2879.5,68.988037
2880,69.018554
2880.5,69.012451
2881,68.9682
2881.5,68.899536
2882,68.79425
2882.5,68.708801
2883,68.66455
2883.5,68.719482
2884,68.814086
2884.5,68.914794
2885,68.978881
2885.5,68.991088
2886,68.955993
2886.5,68.888854
2887,68.812561
2887.5,68.812561
2888,68.896484
2888.5,68.959045
2889,68.963623
2889.5,68.937683
2890,68.911743
2890.5,68.855285
2891,68.763732
2891.5,68.736267
2892,68.792724
2892.5,68.853759
2893,68.858337
2893.5,68.830871
2894,68.79425
2894.5,68.783569
2895,68.76831
2895.5,68.731689
2896,68.653869
2896.5,68.58673
2897,68.574523
2897.5,68.533325
2898,68.362426
2898.5,68.139648
2899,67.892456
2899.5,67.628479
2900,67.303466
2900.5,66.896057
2901,66.29486
2901.5,65.257263
2902,63.526916
2902.5,60.975646
2903,57.659912
2903.5,53.808593
2904,49.864196
2904.5,47.485351
2905,47.335815
2905.5,46.553039
2906,44.635009
2906.5,45.831298
2907,52.832031
2907.5,60.957336
2908,65.245056
2908.5,66.758728
2909,67.376708
2909.5,67.68341
2910,67.843627
2910.5,67.903137
2911,67.921447
2911.5,67.953491
2912,67.959594
2912.5,67.96112
2913,67.950439
2913.5,67.933654
2914,67.918395
2914.5,67.921447
2915,67.900085
2915.5,67.842102
2916,67.771911
2916.5,67.733764
2917,67.698669
2917.5,67.617797
2918,67.449951
2918.5,67.219543
2919,66.929626
2919.5,66.510009
2920,65.864562
2920.5,64.872741
2921,63.343811
2921.5,61.044311
2922,57.676696
2922.5,53.256225
2923,48.097229
2923.5,42.828369
2924,39.276123
2924.5,39.192199
2925,39.482116
2925.5,37.782287
2926,38.17749
2926.5,44.7052
2927,54.70581
2927.5,61.83319
2928,64.888
2928.5,66.122436
2929,66.77246
2929.5,67.170715
2930,67.436218
2930.5,67.630004
2931,67.788696
2931.5,67.877197
2932,67.933654
2932.5,68.013
2933,68.061828
2933.5,68.078613
2934,68.086242
2934.5,68.080139
2935,68.051147
2935.5,67.979431
2936,67.877197
2936.5,67.741394
2937,67.573547
2937.5,67.321777
2938,66.940307
2938.5,66.410827
2939,65.670776
2939.5,64.591979
2940,62.939453
2940.5,60.397338
2941,56.695556
2941.5,51.861572
2942,46.298217
2942.5,40.667724
2943,37.075805
2943.5,37.213134
2944,37.736511
2944.5,36.117553
2945,36.425781
2945.5,42.977905
2946,53.259277
2946.5,60.958862
2947,64.457702
2947.5,65.927124
2948,66.752624
2948.5,67.216491
2949,67.494201
2949.5,67.700195
2950,67.807006
2950.5,67.85736
2951,67.903137
2951.5,67.906188
2952,67.89093
2952.5,67.893981
2953,67.912292
2953.5,67.921447
2954,67.860412
2954.5,67.730712
2955,67.582702
2955.5,67.38739
2956,67.100524
2956.5,66.691589
2957,66.145324
2957.5,65.368652
2958,64.190673
2958.5,62.382507
2959,59.652709
2959.5,55.844116
2960,51.069641
2960.5,45.745849
2961,40.797424
2961.5,38.558959
2962,39.477539
2962.5,39.26239
2963,37.406921
2963.5,38.816833
2964,46.504211
2964.5,56.245422
2965,62.22229
2965.5,64.58435
2966,65.525817
2966.5,65.96527
2967,66.204833
2967.5,66.333007
2968,66.410827
2968.5,66.410827
2969,66.383361
2969.5,66.383361
2970,66.389465
2970.5,66.407775
2971,66.432189
2971.5,66.427612
2972,66.39862
2972.5,66.340637
2973,66.24298
2973.5,66.134643
2974,65.957641
2974.5,65.640258
2975,65.16571
2975.5,64.460754
2976,63.333129
2976.5,61.509704
2977,58.758544
2977.5,55.128479
2978,50.848388
2978.5,46.405029
2979,43.322753
2979.5,43.553161
2980,44.361877
2980.5,42.678833
2981,41.802978
2981.5,46.372985
2982,55.540466
2982.5,62.789916
2983,65.79132
2983.5,66.856384
2984,67.382812
2984.5,67.69104
2985,67.89093
2985.5,68.032836
2986,68.113708
2986.5,68.188476
2987,68.263244
2987.5,68.305969
2988,68.344116
2988.5,68.362426
2989,68.315124
2989.5,68.229675
2990,68.157958
2990.5,68.087768
2991,67.906188
2991.5,67.636108
2992,67.254638
2992.5,66.685485
2993,65.782165
2993.5,64.419555
2994,62.34436
2994.5,59.535217
2995,56.219482
2995.5,52.624511
2996,49.986267
2996.5,50.106811
2997,50.785827
2997.5,49.147033
2998,47.697448
2998.5,50.950622
2999,58.802795
2999.5,65.151977
3000,67.547607
3000.5,68.270874
3001,68.54248
3001.5,68.682861
3002,68.791198
3002.5,68.873596
3003,68.934631
3003.5,68.965148
3004,69.004821
3004.5,69.044494
3005,69.04602
3005.5,68.998718
3006,68.945312
3006.5,68.904113
3007,68.809509
3007.5,68.650817
3008,68.435668
3008.5,68.130493
3009,67.654418
3009.5,66.923522
3010,65.760803
3010.5,64.05487
3011,61.909484
3011.5,59.481811
3012,56.95343
3012.5,55.513
3013,55.973815
3013.5,55.867004
3014,54.110717
3014.5,53.364562
3015,57.077026
3015.5,63.606262
3016,67.515563
3016.5,68.562316
3017,68.815612
3017.5,68.983459
3018,69.085693
3018.5,69.087219
3019,69.111633
3019.5,69.165039
3020,69.163513
3020.5,69.165039
3021,69.14978
3021.5,69.137573
3022,69.151306
3022.5,69.12384
3023,69.017028
3023.5,68.870544
3024,68.670654
3024.5,68.405151
3025,68.034362
3025.5,67.434692
3026,66.511535
3026.5,65.252685
3027,63.757324
3027.5,62.107849
3028,60.736083
3028.5,60.643005
3029,60.766601
3029.5,59.620666
3030,58.374023
3030.5,59.573364
3031,64.129638
3031.5,67.829895
3032,68.861389
3032.5,69.036865
3033,69.125366
3033.5,69.16809
3034,69.190979
3034.5,69.17572
3035,69.20166
3035.5,69.24591
3036,69.27185
3036.5,69.277954
3037,69.238281
3037.5,69.183349
3038,69.137573
3038.5,69.061279
3039,68.943786
3039.5,68.775939
3040,68.521118
3040.5,68.150329
3041,67.636108
3041.5,66.925048
3042,66.04309
3042.5,65.052795
3043,64.260864
3043.5,64.212036
3044,64.140319
3044.5,63.275146
3045,62.445068
3045.5,63.267517
3046,66.29486
3046.5,68.615722
3047,69.148254
3047.5,69.212341
3048,69.273376
3048.5,69.311523
3049,69.313049
3049.5,69.284057
3050,69.24591
3050.5,69.229125
3051,69.206237
3051.5,69.20166
3052,69.235229
3052.5,69.2276
3053,69.190979
3053.5,69.11621
3054,69.006347
3054.5,68.878173
3055,68.679809
3055.5,68.380737
3056,67.971801
3056.5,67.465209
3057,66.972351
3057.5,66.758728
3058,66.799926
3058.5,66.506958
3059,65.957641
3059.5,65.762329
3060,66.839599
3060.5,68.504333
3061,69.221496
3061.5,69.332885
3062,69.354248
3062.5,69.313049
3063,69.288635
3063.5,69.308471
3064,69.338989
3064.5,69.358825
3065,69.32373
3065.5,69.276428
3066,69.248962
3066.5,69.183349
3067,69.134521
3067.5,69.139099
3068,69.099426
3068.5,69.006347
3069,68.917846
3069.5,68.801879
3070,68.617248
3070.5,68.377685
3071,68.234252
3071.5,68.229675
3072,68.087768
3072.5,67.83142
3073,67.712402
3073.5,68.154907
3074,68.911743
3074.5,69.262695
3075,69.288635
3075.5,69.273376
3076,69.276428
3076.5,69.261169
3077,69.203186
3077.5,69.160461
3078,69.134521
3078.5,69.148254
3079,69.184875
3079.5,69.197082
3080,69.198608
3080.5,69.16809
3081,69.128417
3081.5,69.120788
3082,69.100952
3082.5,69.02008
3083,68.891906
3083.5,68.782043
3084,68.743896
3084.5,68.786621
3085,68.788146
3085.5,68.707275
3086,68.704223
3086.5,68.948364
3087,69.19403
3087.5,69.276428
3088,69.285583
3088.5,69.282531
3089,69.264221
3089.5,69.239807
3090,69.213867
3090.5,69.236755
3091,69.294738
3091.5,69.293212
3092,69.288635
3092.5,69.322204
3093,69.306945
3093.5,69.282531
3094,69.296264
3094.5,69.281005
3095,69.250488
3095.5,69.241333
3096,69.221496
3096.5,69.200134
3097,69.14215
3097.5,69.096374
3098,69.085693
3098.5,69.169616
3099,69.261169
3099.5,69.259643
3100,69.24591
3100.5,69.259643
3101,69.27185
3101.5,69.322204
3102,69.354248
3102.5,69.328308
3103,69.276428
3103.5,69.27185
3104,69.296264
3104.5,69.320678
3105,69.290161
3105.5,69.256591
3106,69.256591
3106.5,69.229125
3107,69.186401
3107.5,69.161987
3108,69.139099
3108.5,69.107055
3109,69.108581
3109.5,69.161987
3110,69.255065
3110.5,69.285583
3111,69.277954
3111.5,69.290161
3112,69.258117
3112.5,69.210815
3113,69.218444
3113.5,69.192504
3114,69.174194
3114.5,69.136047
3115,69.087219
3115.5,69.094848
3116,69.107055
3116.5,69.085693
3117,69.093322
3117.5,69.117736
3118,69.14978
3118.5,69.151306
3119,69.088745
3119.5,69.061279
3120,69.067382
3120.5,69.09027
3121,69.143676
3121.5,69.207763
3122,69.265747
3122.5,69.281005
3123,69.268798
3123.5,69.277954
3124,69.300842
3124.5,69.306945
3125,69.319152
3125.5,69.285583
3126,69.24591
3126.5,69.258117
3127,69.256591
3127.5,69.241333
3128,69.236755
3128.5,69.218444
3129,69.20166
3129.5,69.203186
3130,69.2276
3130.5,69.242858
3131,69.241333
3131.5,69.279479
3132,69.325256
3132.5,69.326782
3133,69.294738
3133.5,69.270324
3134,69.265747
3134.5,69.247436
3135,69.259643
3135.5,69.277954
3136,69.27185
3136.5,69.256591
3137,69.226074
3137.5,69.180297
3138,69.131469
3138.5,69.110107
3139,69.11621
3139.5,69.136047
3140,69.178771
3140.5,69.215393
3141,69.270324
3141.5,69.279479
3142,69.256591
3142.5,69.258117
3143,69.277954
3143.5,69.250488
3144,69.236755
3144.5,69.244384
3145,69.259643
3145.5,69.248962
3146,69.238281
3146.5,69.276428
3147,69.294738
3147.5,69.258117
3148,69.235229
3148.5,69.25354
3149,69.255065
3149.5,69.229125
3150,69.20166
3150.5,69.180297
3151,69.154357
3151.5,69.111633
3152,69.078063
3152.5,69.081115
3153,69.143676
3153.5,69.20166
3154,69.209289
3154.5,69.216918
3155,69.248962
3155.5,69.261169
3156,69.267272
3156.5,69.267272
3157,69.239807
3157.5,69.238281
3158,69.265747
3158.5,69.262695
3159,69.241333
3159.5,69.264221
3160,69.282531
3160.5,69.248962
3161,69.235229
3161.5,69.259643
3162,69.270324
3162.5,69.255065
3163,69.24591
3163.5,69.255065
3164,69.244384
3164.5,69.229125
3165,69.239807
3165.5,69.261169
3166,69.276428
3166.5,69.259643
3167,69.250488
3167.5,69.258117
3168,69.288635
3168.5,69.296264
3169,69.274902
3169.5,69.24591
3170,69.259643
3170.5,69.244384
3171,69.215393
3171.5,69.230651
3172,69.255065
3172.5,69.230651
3173,69.233703
3173.5,69.267272
3174,69.282531
3174.5,69.270324
3175,69.247436
3175.5,69.235229
3176,69.255065
3176.5,69.268798
3177,69.236755
3177.5,69.226074
3178,69.239807
3178.5,69.248962
3179,69.242858
3179.5,69.224548
3180,69.212341
3180.5,69.221496
3181,69.229125
3181.5,69.232177
3182,69.20166
3182.5,69.204711
3183,69.210815
3183.5,69.221496
3184,69.241333
3184.5,69.233703
3185,69.239807
3185.5,69.244384
3186,69.229125
3186.5,69.206237
3187,69.209289
3187.5,69.232177
3188,69.218444
3188.5,69.203186
3189,69.206237
3189.5,69.206237
3190,69.200134
3190.5,69.200134
3191,69.206237
3191.5,69.207763
3192,69.177246
3192.5,69.152832
3193,69.174194
3193.5,69.233703
3194,69.238281
3194.5,69.207763
3195,69.183349
3195.5,69.197082
3196,69.223022
3196.5,69.24591
3197,69.242858
3197.5,69.209289
3198,69.190979
3198.5,69.212341
3199,69.216918
3199.5,69.197082
3200,69.184875
3200.5,69.187927
3201,69.169616
3201.5,69.143676
3202,69.155883
3202.5,69.174194
3203,69.177246
3203.5,69.181823
3204,69.174194
3204.5,69.181823
3205,69.190979
3205.5,69.169616
3206,69.145202
3206.5,69.151306
3207,69.161987
3207.5,69.16809
3208,69.19403
3208.5,69.203186
3209,69.20166
3209.5,69.183349
3210,69.169616
3210.5,69.151306
3211,69.148254
3211.5,69.154357
3212,69.137573
3212.5,69.117736
3213,69.114685
3213.5,69.137573
3214,69.157409
3214.5,69.160461
3215,69.157409
3215.5,69.140625
3216,69.114685
3216.5,69.129943
3217,69.134521
3217.5,69.131469
3218,69.140625
3218.5,69.14215
3219,69.160461
3219.5,69.14978
3220,69.151306
3220.5,69.169616
3221,69.152832
3221.5,69.14978
3222,69.140625
3222.5,69.11621
3223,69.105529
3223.5,69.111633
3224,69.140625
3224.5,69.134521
3225,69.113159
3225.5,69.139099
3226,69.16809
3226.5,69.17572
3227,69.155883
3227.5,69.132995
3228,69.129943
3228.5,69.125366
3229,69.114685
3229.5,69.09027
3230,69.088745
3230.5,69.0979
3231,69.064331
3231.5,69.053649
3232,69.030761
3232.5,68.992614
3233,68.974304
3233.5,68.980407
3234,69.027709
3234.5,69.105529
3235,69.154357
3235.5,69.139099
3236,69.096374
3236.5,69.126892
3237,69.160461
3237.5,69.137573
3238,69.117736
3238.5,69.145202
3239,69.157409
3239.5,69.157409
3240,69.14978
3240.5,69.122314
3241,69.12384
3241.5,69.132995
3242,69.12384
3242.5,69.129943
3243,69.139099
3243.5,69.122314
3244,69.087219
3244.5,69.056701
3245,69.070434
3245.5,69.088745
3246,69.049072
3246.5,68.980407
3247,68.9682
3247.5,69.017028
3248,69.061279
3248.5,69.068908
3249,69.0979
3249.5,69.126892
3250,69.129943
3250.5,69.113159
3251,69.100952
3251.5,69.0979
3252,69.107055
3252.5,69.120788
3253,69.108581
3253.5,69.079589
3254,69.065856
3254.5,69.047546
3255,69.041442
3255.5,69.039916
3256,69.049072
3256.5,69.064331
3257,69.113159
3257.5,69.151306
3258,69.11621
3258.5,69.079589
3259,69.099426
3259.5,69.105529
3260,69.088745
3260.5,69.085693
3261,69.078063
3261.5,69.075012
3262,69.107055
3262.5,69.126892
3263,69.125366
3263.5,69.129943
3264,69.105529
3264.5,69.09027
3265,69.100952
3265.5,69.110107
3266,69.099426
3266.5,69.061279
3267,69.049072
3267.5,69.04602
3268,69.023132
3268.5,69.009399
3269,68.965148
3269.5,68.89801
3270,68.852233
3270.5,68.84613
3271,68.867492
3271.5,68.919372
3272,68.980407
3272.5,69.024658
3273,69.049072
3273.5,69.032287
3274,69.012451
3274.5,69.02008
3275,69.012451
3275.5,69.003295
3276,69.039916
3276.5,69.068908
3277,69.07196
3277.5,69.044494
3278,69.032287
3278.5,69.052124
3279,69.047546
3279.5,69.027709
3280,69.041442
3280.5,69.052124
3281,69.052124
3281.5,69.062805
3282,69.078063
3282.5,69.067382
3283,69.027709
3283.5,69.041442
3284,69.079589
3284.5,69.070434
3285,69.050598
3285.5,69.061279
3286,69.061279
3286.5,69.052124
3287,69.027709
3287.5,69.024658
3288,69.041442
3288.5,69.032287
3289,68.995666
3289.5,68.988037
3290,68.960571
3290.5,68.92395
3291,68.905639
3291.5,68.89038
3292,68.876647
3292.5,68.888854
3293,68.94226
3293.5,68.97583
3294,68.931579
3294.5,68.893432
3295,68.885803
3295.5,68.899536
3296,68.939208
3296.5,68.963623
3297,68.954467
3297.5,69.003295
3298,69.04602
3298.5,69.004821
3299,68.984985
3299.5,68.99414
3300,69.003295
3300.5,69.02008
3301,69.00177
3301.5,68.981933
3302,68.965148
3302.5,68.933105
3303,68.885803
3303.5,68.830871
3304,68.788146
3304.5,68.785095
3305,68.777465
3305.5,68.775939
3306,68.786621
3306.5,68.792724
3307,68.814086
3307.5,68.850708
3308,68.86444
3308.5,68.853759
3309,68.853759
3309.5,68.888854
3310,68.928527
3310.5,68.969726
3311,68.984985
3311.5,68.978881
3312,68.99414
3312.5,69.007873
3313,69.009399
3313.5,68.997192
3314,68.984985
3314.5,68.9682
3315,68.969726
3315.5,69.007873
3316,69.024658
3316.5,69.000244
3317,68.980407
3317.5,68.966674
3318,68.955993
3318.5,68.963623
3319,68.972778
3319.5,68.969726
3320,68.974304
3320.5,69.003295
3321,69.021606
3321.5,68.986511
3322,68.94226
3322.5,68.920898
3323,68.945312
3323.5,68.954467
3324,68.91632
3324.5,68.878173
3325,68.867492
3325.5,68.891906
3326,68.913269
3326.5,68.904113
3327,68.92395
3327.5,68.974304
3328,69.007873
3328.5,68.983459
3329,68.948364
3329.5,68.986511
3330,69.009399
3330.5,68.977355
3331,68.94989
3331.5,68.955993
3332,68.94226
3332.5,68.936157
3333,68.957519
3333.5,68.99414
3334,68.989562
3334.5,68.962097
3335,68.933105
3335.5,68.908691
3336,68.89801
3336.5,68.873596
3337,68.875122
3337.5,68.878173
3338,68.823242
3338.5,68.765258
3339,68.782043
3339.5,68.84613
3340,68.887329
3340.5,68.908691
3341,68.910217
3341.5,68.876647
3342,68.833923
3342.5,68.823242
3343,68.852233
3343.5,68.904113
3344,68.927001
3344.5,68.930053
3345,68.914794
3345.5,68.919372
3346,68.920898
3346.5,68.933105
3347,68.937683
3347.5,68.91632
3348,68.881225
3348.5,68.867492
3349,68.849182
3349.5,68.797302
3350,68.748474
3350.5,68.743896
3351,68.762207
3351.5,68.801879
3352,68.873596
3352.5,68.928527
3353,68.960571
3353.5,68.963623
3354,68.954467
3354.5,68.931579
3355,68.919372
3355.5,68.957519
3356,68.940734
3356.5,68.927001
3357,68.937683
3357.5,68.905639
3358,68.881225
3358.5,68.87207
3359,68.859863
3359.5,68.858337
3360,68.865966
3360.5,68.870544
3361,68.893432
3361.5,68.917846
3362,68.911743
3362.5,68.89801
3363,68.905639
3363.5,68.881225
3364,68.856811
3364.5,68.852233
3365,68.832397
3365.5,68.798828
3366,68.748474
3366.5,68.745422
3367,68.736267
3367.5,68.693542
3368,68.681335
3368.5,68.707275
3369,68.725585
3369.5,68.704223
3370,68.711853
3370.5,68.775939
3371,68.821716
3371.5,68.8385
3372,68.853759
3372.5,68.893432
3373,68.89801
3373.5,68.878173
3374,68.881225
3374.5,68.867492
3375,68.870544
3375.5,68.879699
3376,68.862915
3376.5,68.862915
3377,68.852233
3377.5,68.853759
3378,68.850708
3378.5,68.833923
3379,68.849182
3379.5,68.827819
3380,68.766784
3380.5,68.791198
3381,68.878173
3381.5,68.893432
3382,68.876647
3382.5,68.879699
3383,68.91632
3383.5,68.908691
3384,68.888854
3384.5,68.899536
3385,68.89038
3385.5,68.844604
3386,68.829345
3386.5,68.869018
3387,68.879699
3387.5,68.835449
3388,68.811035
3388.5,68.803405
3389,68.807983
3389.5,68.763732
3390,68.69812
3390.5,68.678283
3391,68.676757
3391.5,68.673706
3392,68.684387
3392.5,68.692016
3393,68.743896
3393.5,68.852233
3394,68.869018
3394.5,68.82019
3395,68.760681
3395.5,68.782043
3396,68.814086
3396.5,68.818664
3397,68.835449
3397.5,68.800354
3398,68.754577
3398.5,68.717956
3399,68.666076
3399.5,68.632507
3400,68.624877
3400.5,68.608093
3401,68.579101
3401.5,68.615722
3402,68.681335
3402.5,68.753051
3403,68.79425
3403.5,68.818664
3404,68.841552
3404.5,68.833923
3405,68.844604
3405.5,68.856811
3406,68.824768
3406.5,68.804931
3407,68.798828
3407.5,68.774414
3408,68.731689
3408.5,68.739318
3409,68.762207
3409.5,68.756103
3410,68.771362
3410.5,68.795776
3411,68.780517
3411.5,68.756103
3412,68.765258
3412.5,68.778991
3413,68.774414
3413.5,68.803405
3414,68.8385
3414.5,68.811035
3415,68.731689
3415.5,68.746948
3416,68.827819
3416.5,68.833923
3417,68.824768
3417.5,68.843078
3418,68.849182
3418.5,68.843078
3419,68.873596
3419.5,68.89801
3420,68.849182
3420.5,68.806457
3421,68.844604
3421.5,68.865966
3422,68.881225
3422.5,68.894958
3423,68.885803
3423.5,68.844604
3424,68.798828
3424.5,68.772888
3425,68.754577
3425.5,68.766784
3426,68.817138
3426.5,68.817138
3427,68.774414
3427.5,68.71643
3428,68.688964
3428.5,68.72406
3429,68.725585
3429.5,68.69812
3430,68.682861
3430.5,68.69812
3431,68.748474
3431.5,68.789672
3432,68.771362
3432.5,68.739318
3433,68.69812
3433.5,68.643188
3434,68.63861
3434.5,68.644714
3435,68.592834
3435.5,68.59436
3436,68.643188
3436.5,68.669128
3437,68.687438
3437.5,68.699645
3438,68.711853
3438.5,68.727111
3439,68.783569
3439.5,68.818664
3440,68.814086
3440.5,68.803405
3441,68.801879
3441.5,68.811035
3442,68.806457
3442.5,68.798828
3443,68.818664
3443.5,68.841552
3444,68.840026
3444.5,68.817138
3445,68.82019
3445.5,68.875122
3446,68.910217
3446.5,68.876647
3447,68.835449
3447.5,68.853759
3448,68.861389
3448.5,68.817138
3449,68.772888
3449.5,68.769836
3450,68.785095
3450.5,68.774414
3451,68.809509
3451.5,68.821716
3452,68.766784
3452.5,68.751525
3453,68.792724
3453.5,68.788146
3454,68.775939
3454.5,68.760681
3455,68.760681
3455.5,68.774414
3456,68.791198
3456.5,68.780517
3457,68.748474
3457.5,68.727111
3458,68.725585
3458.5,68.705749
3459,68.687438
3459.5,68.713378
3460,68.74237
3460.5,68.74237
3461,68.740844
3461.5,68.756103
3462,68.756103
3462.5,68.725585
3463,68.730163
3463.5,68.748474
3464,68.736267
3464.5,68.722534
3465,68.725585
3465.5,68.684387
3466,68.618774
3466.5,68.557739
3467,68.560791
3467.5,68.583679
3468,68.598937
3468.5,68.58673
3469,68.592834
3469.5,68.637084
3470,68.687438
3470.5,68.705749
3471,68.725585
3471.5,68.731689
3472,68.739318
3472.5,68.775939
3473,68.780517
3473.5,68.756103
3474,68.757629
3474.5,68.748474
3475,68.710327
3475.5,68.714904
3476,68.72406
3476.5,68.693542
3477,68.684387
3477.5,68.69812
3478,68.647766
3478.5,68.629455
3479,68.641662
3479.5,68.647766
3480,68.673706
3480.5,68.754577
3481,68.798828
3481.5,68.807983
3482,68.795776
3482.5,68.783569
3483,68.777465
3483.5,68.754577
3484,68.695068
3484.5,68.699645
3485,68.75
3485.5,68.733215
3486,68.69812
3486.5,68.71643
3487,68.751525
3487.5,68.721008
3488,68.713378
3488.5,68.785095
3489,68.797302
3489.5,68.76831
3490,68.743896
3490.5,68.717956
3491,68.699645
3491.5,68.717956
3492,68.705749
3492.5,68.711853
3493,68.707275
3493.5,68.692016
3494,68.692016
3494.5,68.693542
3495,68.722534
3495.5,68.740844
3496,68.713378
3496.5,68.658447
3497,68.626403
3497.5,68.64624
3498,68.659973
3498.5,68.69049
3499,68.730163
3499.5,68.704223
3500,68.669128
3500.5,68.721008
3501,68.753051
3501.5,68.719482
3502,68.719482
3502.5,68.759155
3503,68.762207
3503.5,68.757629
3504,68.762207
3504.5,68.740844
3505,68.71643
3505.5,68.71643
3506,68.713378
3506.5,68.728637
3507,68.763732
3507.5,68.809509
3508,68.824768
3508.5,68.826293
3509,68.809509
3509.5,68.817138
3510,68.826293
3510.5,68.780517
3511,68.72406
3511.5,68.728637
3512,68.725585
3512.5,68.684387
3513,68.637084
3513.5,68.601989
3514,68.626403
3514.5,68.71643
3515,68.756103
3515.5,68.705749
3516,68.701171
3516.5,68.696594
3517,68.693542
3517.5,68.69812
3518,68.701171
3518.5,68.69049
3519,68.687438
3519.5,68.676757
3520,68.656921
3520.5,68.688964
3521,68.753051
3521.5,68.792724
3522,68.737792
3522.5,68.656921
3523,68.667602
3523.5,68.687438
3524,68.69049
3524.5,68.722534
3525,68.756103
3525.5,68.782043
3526,68.823242
3526.5,68.853759
3527,68.869018
3527.5,68.867492
3528,68.814086
3528.5,68.785095
3529,68.809509
3529.5,68.814086
3530,68.775939
3530.5,68.740844
3531,68.721008
3531.5,68.701171
3532,68.72406
3532.5,68.71643
3533,68.666076
3533.5,68.650817
3534,68.687438
3534.5,68.734741
3535,68.736267
3535.5,68.699645
3536,68.644714
3536.5,68.618774
3537,68.643188
3537.5,68.669128
3538,68.66455
3538.5,68.678283
3539,68.667602
3539.5,68.630981
3540,68.615722
3540.5,68.626403
3541,68.606567
3541.5,68.571472
3542,68.583679
3542.5,68.618774
3543,68.670654
3543.5,68.717956
3544,68.760681
3544.5,68.736267
3545,68.714904
3545.5,68.74237
3546,68.801879
3546.5,68.801879
3547,68.792724
3547.5,68.79425
3548,68.795776
3548.5,68.782043
3549,68.730163
3549.5,68.702697
3550,68.75
3550.5,68.771362
3551,68.763732
3551.5,68.786621
3552,68.840026
3552.5,68.84613
3553,68.804931
3553.5,68.733215
3554,68.669128
3554.5,68.673706
3555,68.678283
3555.5,68.658447
3556,68.650817
3556.5,68.656921
3557,68.658447
3557.5,68.63861
3558,68.649291
3558.5,68.67218
3559,68.659973
3559.5,68.621826
3560,68.641662
3560.5,68.621826
3561,68.580627
3561.5,68.528747
3562,68.548583
3562.5,68.637084
3563,68.713378
3563.5,68.783569
3564,68.867492
3564.5,68.960571
3565,69.047546
3565.5,69.132995
3566,69.259643
3566.5,69.331359
3567,69.25354
3567.5,69.09027
3568,68.92395
3568.5,68.862915
3569,68.821716
3569.5,68.704223
3570,68.615722
3570.5,68.618774
3571,68.66455
3571.5,68.653869
3572,68.643188
3572.5,68.650817
3573,68.640136
3573.5,68.611145
3574,68.597412
3574.5,68.58673
3575,68.598937
3575.5,68.617248
3576,68.595886
3576.5,68.518066
3577,68.495178
3577.5,68.521118
3578,68.51654
3578.5,68.449401
3579,68.363952
3579.5,68.263244
3580,68.209838
3580.5,68.165588
3581,68.087768
3581.5,67.974853
3582,67.875671
3582.5,67.83905
3583,67.842102
3583.5,67.878723
3584,67.94281
3584.5,68.034362
3585,68.157958
3585.5,68.301391
3586,68.498229
3586.5,68.746948
3587,68.936157
3587.5,68.931579
3588,68.812561
3588.5,68.705749
3589,68.624877
3589.5,68.566894
3590,68.527221
3590.5,68.4906
3591,68.467712
3591.5,68.470764
3592,68.507385
3592.5,68.528747
3593,68.563842
3593.5,68.641662
3594,68.708801
3594.5,68.69049
3595,68.64624
3595.5,68.623352
3596,68.608093
3596.5,68.580627
3597,68.560791
3597.5,68.553161
3598,68.560791
3598.5,68.569946
3599,68.588256
3599.5,68.565368
3600,68.524169
3600.5,68.527221
3601,68.4906
3601.5,68.467712
3602,68.443298
3602.5,68.408203
3603,68.351745
3603.5,68.312072
3604,68.353271
3604.5,68.389892
3605,68.455505
3605.5,68.574523
3606,68.656921
3606.5,68.708801
3607,68.817138
3607.5,68.948364
3608,68.946838
3608.5,68.829345
3609,68.756103
3609.5,68.713378
3610,68.762207
3610.5,68.836975
3611,68.850708
3611.5,68.850708
3612,68.840026
3612.5,68.852233
3613,68.887329
3613.5,68.875122
3614,68.786621
3614.5,68.710327
3615,68.641662
3615.5,68.661499
3616,68.75
3616.5,68.836975
3617,68.896484
3617.5,68.954467
3618,69.049072
3618.5,69.094848
3619,68.986511
3619.5,68.849182
3620,68.733215
3620.5,68.600463
3621,68.469238
3621.5,68.374633
3622,68.310546
3622.5,68.249511
3623,68.190002
3623.5,68.182373
3624,68.191528
3624.5,68.214416
3625,68.295288
3625.5,68.400573
3626,68.585205
3626.5,68.869018
3627,69.113159
3627.5,69.256591
3628,69.361877
3628.5,69.429016
3629,69.387817
3629.5,69.136047
3630,68.901062
3630.5,68.789672
3631,68.701171
3631.5,68.652343
3632,68.634033
3632.5,68.624877
3633,68.632507
3633.5,68.606567
3634,68.58673
3634.5,68.582153
3635,68.533325
3635.5,68.493652
3636,68.4906
3636.5,68.505859
3637,68.591308
3637.5,68.643188
3638,68.571472
3638.5,68.527221
3639,68.565368
3639.5,68.553161
3640,68.505859
3640.5,68.492126
3641,68.469238
3641.5,68.423461
3642,68.417358
3642.5,68.423461
3643,68.423461
3643.5,68.431091
3644,68.44635
3644.5,68.54248
3645,68.705749
3645.5,68.859863
3646,69.021606
3646.5,69.210815
3647,69.442749
3647.5,69.642639
3648,69.726562
3648.5,69.650268
3649,69.540405
3649.5,69.53125
3650,69.485473
3650.5,69.239807
3651,68.969726
3651.5,68.8385
3652,68.765258
3652.5,68.704223
3653,68.679809
3653.5,68.728637
3654,68.798828
3654.5,68.869018
3655,68.943786
3655.5,68.966674
3656,68.89801
3656.5,68.841552
3657,68.797302
3657.5,68.701171
3658,68.56842
3658.5,68.505859
3659,68.487548
3659.5,68.473815
3660,68.453979
3660.5,68.437194
3661,68.443298
3661.5,68.479919
3662,68.478393
3662.5,68.458557
3663,68.417358
3663.5,68.356323
3664,68.330383
3664.5,68.367004
3665,68.415832
3665.5,68.437194
3666,68.498229
3666.5,68.608093
3667,68.734741
3667.5,68.823242
3668,68.951416
3668.5,69.119262
3669,69.229125
3669.5,69.230651
3670,69.099426
3670.5,68.887329
3671,68.754577
3671.5,68.75
3672,68.772888
3672.5,68.815612
3673,68.986511
3673.5,69.279479
3674,69.485473
3674.5,69.610595
3675,69.699096
3675.5,69.61975
3676,69.424438
3676.5,69.229125
3677,69.07196
3677.5,68.931579
3678,68.859863
3678.5,68.830871
3679,68.785095
3679.5,68.719482
3680,68.64624
3680.5,68.585205
3681,68.489074
3681.5,68.411254
3682,68.385314
3682.5,68.362426
3683,68.298339
3683.5,68.243408
3684,68.243408
3684.5,68.260192
3685,68.350219
3685.5,68.453979
3686,68.577575
3686.5,68.71643
3687,68.847656
3687.5,68.911743
3688,68.89038
3688.5,68.922424
3689,69.0979
3689.5,69.166564
3690,68.989562
3690.5,68.803405
3691,68.74237
3691.5,68.728637
3692,68.679809
3692.5,68.505859
3693,68.347167
3693.5,68.304443
3694,68.312072
3694.5,68.315124
3695,68.293762
3695.5,68.252563
3696,68.232727
3696.5,68.223571
3697,68.237304
3697.5,68.243408
3698,68.18695
3698.5,68.19458
3699,68.296813
3699.5,68.409729
3700,68.505859
3700.5,68.553161
3701,68.559265
3701.5,68.501281
3702,68.399047
3702.5,68.392944
3703,68.365478
3703.5,68.218994
3704,68.128967
3704.5,68.121337
3705,68.136596
3705.5,68.150329
3706,68.183898
3706.5,68.258666
3707,68.330383
3707.5,68.443298
3708,68.565368
3708.5,68.669128
3709,68.795776
3709.5,68.986511
3710,69.17572
3710.5,69.215393
3711,69.198608
3711.5,69.134521
3712,69.015502
3712.5,68.904113
3713,68.818664
3713.5,68.704223
3714,68.540954
3714.5,68.441772
3715,68.426513
3715.5,68.42041
3716,68.39447
3716.5,68.385314
3717,68.395996
3717.5,68.359375
3718,68.330383
3718.5,68.336486
3719,68.354797
3719.5,68.399047
3720,68.418884
3720.5,68.397521
3721,68.414306
3721.5,68.414306
3722,68.395996
3722.5,68.408203
3723,68.428039
3723.5,68.402099
3724,68.380737
3724.5,68.371582
3725,68.385314
3725.5,68.409729
3726,68.3609
3726.5,68.269348
3727,68.191528
3727.5,68.066406
3728,67.996215
3728.5,67.996215
3729,68.023681
3729.5,68.127441
3730,68.287658
3730.5,68.402099
3731,68.476867
3731.5,68.557739
3732,68.647766
3732.5,68.769836
3733,68.911743
3733.5,68.952941
3734,68.981933
3734.5,69.052124
3735,69.104003
3735.5,69.067382
3736,68.902587
3736.5,68.714904
3737,68.579101
3737.5,68.486022
3738,68.399047
3738.5,68.267822
3739,68.247985
3739.5,68.310546
3740,68.324279
3740.5,68.325805
3741,68.435668
3741.5,68.644714
3742,68.899536
3742.5,69.157409
3743,69.343566
3743.5,69.42749
3744,69.364929
3744.5,69.209289
3745,69.096374
3745.5,68.995666
3746,68.856811
3746.5,68.757629
3747,68.780517
3747.5,68.952941
3748,69.190979
3748.5,69.316101
3749,69.36798
3749.5,69.554138
3750,69.754028
3750.5,69.761657
3751,69.595336
3751.5,69.386291
3752,69.235229
3752.5,69.056701
3753,68.876647
3753.5,68.756103
3754,68.681335
3754.5,68.626403
3755,68.621826
3755.5,68.675231
3756,68.661499
3756.5,68.637084
3757,68.72406
3757.5,68.806457
3758,68.8385
3758.5,68.852233
3759,68.809509
3759.5,68.740844
3760,68.66455
3760.5,68.574523
3761,68.502807
3761.5,68.443298
3762,68.421936
3762.5,68.452453
3763,68.4906
3763.5,68.510437
3764,68.551635
3764.5,68.655395
3765,68.661499
3765.5,68.588256
3766,68.606567
3766.5,68.627929
3767,68.641662
3767.5,68.708801
3768,68.783569
3768.5,68.852233
3769,68.904113
3769.5,68.887329
3770,68.792724
3770.5,68.69812
3771,68.609619
3771.5,68.518066
3772,68.431091
3772.5,68.370056
3773,68.345642
3773.5,68.321228
3774,68.310546
3774.5,68.324279
3775,68.333435
3775.5,68.330383
3776,68.405151
3776.5,68.469238
3777,68.511962
3777.5,68.572998
3778,68.655395
3778.5,68.707275
3779,68.652343
3779.5,68.582153
3780,68.630981
3780.5,68.630981
3781,68.499755
3781.5,68.428039
3782,68.460083
3782.5,68.515014
3783,68.544006
3783.5,68.551635
3784,68.533325
3784.5,68.531799
3785,68.534851
3785.5,68.501281
3786,68.493652
3786.5,68.473815
3787,68.373107
3787.5,68.322753
3788,68.34259
3788.5,68.36853
3789,68.33496
3789.5,68.289184
3790,68.30902
3790.5,68.318176
3791,68.302917
3791.5,68.292236
3792,68.319702
3792.5,68.336486
3793,68.354797
3793.5,68.400573
3794,68.457031
3794.5,68.536376
3795,68.609619
3795.5,68.606567
3796,68.556213
3796.5,68.528747
3797,68.574523
3797.5,68.580627
3798,68.511962
3798.5,68.566894
3799,68.788146
3799.5,69.013977
3800,69.114685
3800.5,69.120788
3801,69.102478
3801.5,69.041442
3802,68.946838
3802.5,68.836975
3803,68.678283
3803.5,68.61267
3804,68.641662
3804.5,68.731689
3805,68.855285
3805.5,68.934631
3806,68.907165
3806.5,68.86444
3807,68.801879
3807.5,68.730163
3808,68.624877
3808.5,68.431091
3809,68.289184
3809.5,68.254089
3810,68.203735
3810.5,68.182373
3811,68.215942
3811.5,68.215942
3812,68.209838
3812.5,68.251037
3813,68.350219
3813.5,68.489074
3814,68.66455
3814.5,68.791198
3815,68.753051
3815.5,68.681335
3816,68.673706
3816.5,68.685913
3817,68.701171
3817.5,68.64624
3818,68.649291
3818.5,68.812561
3819,69.02008
3819.5,69.181823
3820,69.259643
3820.5,69.281005
3821,69.252014
3821.5,69.166564
3822,69.004821
3822.5,68.840026
3823,68.682861
3823.5,68.548583
3824,68.521118
3824.5,68.600463
3825,68.67218
3825.5,68.626403
3826,68.583679
3826.5,68.571472
3827,68.51654
3827.5,68.475341
3828,68.417358
3828.5,68.406677
3829,68.487548
3829.5,68.548583
3830,68.551635
3830.5,68.551635
3831,68.560791
3831.5,68.556213
3832,68.563842
3832.5,68.560791
3833,68.545532
3833.5,68.518066
3834,68.544006
3834.5,68.592834
3835,68.6203
3835.5,68.74237
3836,68.893432
3836.5,68.896484
3837,68.830871
3837.5,68.869018
3838,68.984985
3838.5,69.055175
3839,69.049072
3839.5,68.940734
3840,68.82019
3840.5,68.766784
3841,68.701171
3841.5,68.649291
3842,68.609619
3842.5,68.540954
3843,68.496704
3843.5,68.525695
3844,68.54248
3844.5,68.47229
3845,68.350219
3845.5,68.209838
3846,68.110656
3846.5,68.107604
3847,68.124389
3847.5,68.132019
3848,68.174743
3848.5,68.225097
3849,68.260192
3849.5,68.403625
3850,68.681335
3850.5,68.927001
3851,69.119262
3851.5,69.384765
3852,69.778442
3852.5,70.112609
3853,70.095825
3853.5,69.732666
3854,69.352722
3854.5,69.174194
3855,69.062805
3855.5,68.907165
3856,68.74237
3856.5,68.577575
3857,68.466186
3857.5,68.42041
3858,68.421936
3858.5,68.409729
3859,68.370056
3859.5,68.380737
3860,68.418884
3860.5,68.461608
3861,68.505859
3861.5,68.539428
3862,68.58673
3862.5,68.650817
3863,68.661499
3863.5,68.63861
3864,68.601989
3864.5,68.502807
3865,68.449401
3865.5,68.484497
3866,68.505859
3866.5,68.458557
3867,68.424987
3867.5,68.492126
3868,68.617248
3868.5,68.722534
3869,68.739318
3869.5,68.745422
3870,68.780517
3870.5,68.759155
3871,68.745422
3871.5,68.710327
3872,68.711853
3872.5,68.705749
3873,68.621826
3873.5,68.560791
3874,68.58673
3874.5,68.557739
3875,68.460083
3875.5,68.39447
3876,68.330383
3876.5,68.255615
3877,68.276977
3877.5,68.389892
3878,68.537902
3878.5,68.66455
3879,68.685913
3879.5,68.655395
3880,68.632507
3880.5,68.629455
3881,68.632507
3881.5,68.539428
3882,68.432617
3882.5,68.424987
3883,68.484497
3883.5,68.59436
3884,68.714904
3884.5,68.708801
3885,68.61267
3885.5,68.537902
3886,68.505859
3886.5,68.46466
3887,68.34259
3887.5,68.255615
3888,68.270874
3888.5,68.304443
3889,68.341064
3889.5,68.423461
3890,68.47229
3890.5,68.453979
3891,68.426513
3891.5,68.453979
3892,68.463134
3892.5,68.3609
3893,68.214416
3893.5,68.093872
3894,68.017578
3894.5,67.96875
3895,67.947387
3895.5,67.948913
3896,68.03894
3896.5,68.190002
3897,68.310546
3897.5,68.435668
3898,68.515014
3898.5,68.504333
3899,68.560791
3899.5,68.751525
3900,68.936157
3900.5,68.904113
3901,68.762207
3901.5,68.740844
3902,68.87207
3902.5,69.00177
3903,68.988037
3903.5,68.89801
3904,68.807983
3904.5,68.728637
3905,68.69049
3905.5,68.601989
3906,68.463134
3906.5,68.392944
3907,68.357849
3907.5,68.299865
3908,68.299865
3908.5,68.267822
3909,68.208312
3909.5,68.206787
3910,68.215942
3910.5,68.191528
3911,68.16101
3911.5,68.148803
3912,68.139648
3912.5,68.121337
3913,68.125915
3913.5,68.148803
3914,68.156433
3914.5,68.190002
3915,68.240356
3915.5,68.251037
3916,68.22052
3916.5,68.202209
3917,68.231201
3917.5,68.257141
3918,68.266296
3918.5,68.261718
3919,68.197631
3919.5,68.122863
3920,68.049621
3920.5,67.993164
3921,67.96112
3921.5,67.939758
3922,67.977905
3922.5,68.087768
3923,68.269348
3923.5,68.392944
3924,68.409729
3924.5,68.377685
3925,68.376159
3925.5,68.374633
3926,68.30902
3926.5,68.252563
3927,68.276977
3927.5,68.289184
3928,68.313598
3928.5,68.351745
3929,68.356323
3929.5,68.392944
3930,68.467712
3930.5,68.453979
3931,68.362426
3931.5,68.362426
3932,68.418884
3932.5,68.388366
3933,68.325805
3933.5,68.269348
3934,68.202209
3934.5,68.164062
3935,68.167114
3935.5,68.191528
3936,68.162536
3936.5,68.13507
3937,68.127441
3937.5,68.086242
3938,67.994689
3938.5,67.970275
3939,68.034362
3939.5,68.092346
3940,68.084716
3940.5,68.084716
3941,68.098449
3941.5,68.086242
3942,68.061828
3942.5,68.092346
3943,68.164062
3943.5,68.200683
3944,68.115234
3944.5,68.032836
3945,67.982482
3945.5,67.939758
3946,67.921447
3946.5,67.915344
3947,67.921447
3947.5,67.96112
3948,68.031311
3948.5,68.099975
3949,68.096923
3949.5,68.06488
3950,68.122863
3950.5,68.200683
3951,68.200683
3951.5,68.13507
3952,68.103027
3952.5,68.058776
3953,67.999267
3953.5,67.955017
3954,67.91687
3954.5,67.903137
3955,67.910766
3955.5,68.014526
3956,68.128967
3956.5,68.170166
3957,68.162536
3957.5,68.115234
3958,68.095397
3958.5,68.099975
3959,68.119812
3959.5,68.138122
3960,68.1427
3960.5,68.144226
3961,68.141174
3961.5,68.122863
3962,68.08319
3962.5,68.023681
3963,67.964172
3963.5,67.889404
3964,67.799377
3964.5,67.723083
3965,67.663574
3965.5,67.61322
3966,67.630004
3966.5,67.6651
3967,67.658996
3967.5,67.652893
3968,67.660522
3968.5,67.614746
3969,67.541503
3969.5,67.469787
3970,67.366027
3970.5,67.222595
3971,67.199707
3971.5,67.419433
3972,67.671203
3972.5,67.773437
3973,67.807006
3973.5,67.863464
3974,67.951965
3974.5,68.049621
3975,68.104553
3975.5,68.106079
3976,68.096923
3976.5,68.074035
3977,68.037414
3977.5,68.014526
3978,67.973327
3978.5,67.951965
3979,67.924499
3979.5,67.835998
3980,67.764282
3980.5,67.773437
3981,67.767333
3981.5,67.828369
3982,67.918395
3982.5,67.89093
3983,67.820739
3983.5,67.729187
3984,67.608642
3984.5,67.430114
3985,67.230224
3985.5,67.08374
3986,67.033386
3986.5,67.16156
3987,67.526245
3987.5,67.849731
3988,67.955017
3988.5,67.990112
3989,67.979431
3989.5,67.901611
3990,67.83142
3990.5,67.808532
3991,67.755126
3991.5,67.663574
3992,67.601013
3992.5,67.575073
3993,67.570495
3993.5,67.536926
3994,67.485046
3994.5,67.41333
3995,67.240905
3995.5,67.103576
3996,67.010498
3996.5,67.042541
3997,67.224121
3997.5,67.344665
3998,67.333984
3998.5,67.20581
3999,67.028808
3999.5,66.886901
4000,66.712951
